haul,area,date,fish,length_cm,biomass,sex,maturity,stomach_filling,age,n,quarter,year
3,87.3.3,11.03.2010,1,42,915,1,2,0,7,1,1,2010
3,87.3.3,11.03.2010,2,41,825,1,2,0,7,1,1,2010
3,87.3.3,11.03.2010,3,42,945,2,2,0,7,1,1,2010
3,87.3.3,11.03.2010,4,42,830,1,2,0,7,1,1,2010
3,87.3.3,11.03.2010,5,40,730,1,2,0,7,1,1,2010
3,87.3.3,11.03.2010,6,35,530,1,2,0,5,1,1,2010
3,87.3.3,11.03.2010,7,35,495,2,2,0,5,1,1,2010
3,87.3.3,11.03.2010,8,41,820,2,2,0,8,1,1,2010
3,87.3.3,11.03.2010,9,44,965,2,8,0,8,1,1,2010
3,87.3.3,11.03.2010,10,40,765,1,2,0,7,1,1,2010
3,87.3.3,11.03.2010,11,37,570,2,2,0,7,1,1,2010
3,87.3.3,11.03.2010,12,38,610,2,2,0,7,1,1,2010
3,87.3.3,11.03.2010,13,37,620,1,2,0,7,1,1,2010
3,87.3.3,11.03.2010,14,36,530,2,2,0,7,1,1,2010
3,87.3.3,11.03.2010,15,36,570,1,2,0,7,1,1,2010
3,87.3.3,11.03.2010,16,41,895,2,2,0,8,1,1,2010
3,87.3.3,11.03.2010,17,41,730,2,2,0,8,1,1,2010
3,87.3.3,11.03.2010,18,38,685,1,2,0,7,1,1,2010
3,87.3.3,11.03.2010,19,39,645,2,2,0,7,1,1,2010
3,87.3.3,11.03.2010,20,43,825,1,2,0,8,1,1,2010
3,87.3.3,11.03.2010,21,37,620,1,2,0,7,1,1,2010
3,87.3.3,11.03.2010,22,39,680,1,2,0,7,1,1,2010
3,87.3.3,11.03.2010,23,37,625,1,2,0,7,1,1,2010
3,87.3.3,11.03.2010,24,38,655,2,2,0,7,1,1,2010
3,87.3.3,11.03.2010,25,40,800,1,2,0,8,1,1,2010
3,87.3.3,11.03.2010,26,36,650,2,2,0,7,1,1,2010
3,87.3.3,11.03.2010,27,39,680,2,2,0,8,1,1,2010
3,87.3.3,11.03.2010,28,40,730,1,2,0,7,1,1,2010
3,87.3.3,11.03.2010,29,39,695,1,2,0,8,1,1,2010
3,87.3.3,11.03.2010,30,36,605,2,2,0,7,1,1,2010
3,87.3.3,11.03.2010,31,38,585,2,8,0,7,1,1,2010
3,87.3.3,11.03.2010,32,42,875,1,2,0,8,1,1,2010
4,87.3.3,12.03.2010,1,46,1070,1,2,2,9,1,1,2010
4,87.3.3,12.03.2010,2,46,1115,2,8,0,8,1,1,2010
4,87.3.3,12.03.2010,3,42,890,1,2,0,8,1,1,2010
4,87.3.3,12.03.2010,4,40,825,1,2,0,8,1,1,2010
4,87.3.3,12.03.2010,5,41,815,1,2,2,7,1,1,2010
4,87.3.3,12.03.2010,6,44,1010,2,8,2,8,1,1,2010
4,87.3.3,12.03.2010,7,46,1230,2,2,0,8,1,1,2010
4,87.3.3,12.03.2010,8,37,615,2,2,0,7,1,1,2010
4,87.3.3,12.03.2010,9,51,1365,2,2,0,11,1,1,2010
4,87.3.3,12.03.2010,10,45,1010,2,8,0,8,1,1,2010
4,87.3.3,12.03.2010,11,41,840,1,2,0,7,1,1,2010
4,87.3.3,12.03.2010,12,38,650,1,2,0,7,1,1,2010
4,87.3.3,12.03.2010,13,36,605,2,2,0,7,1,1,2010
4,87.3.3,12.03.2010,14,47,1280,2,8,0,9,1,1,2010
4,87.3.3,12.03.2010,15,50,1340,1,2,0,11,1,1,2010
4,87.3.3,12.03.2010,16,39,720,2,2,0,8,1,1,2010
4,87.3.3,12.03.2010,17,36,570,2,2,0,7,1,1,2010
4,87.3.3,12.03.2010,18,37,605,2,2,0,7,1,1,2010
4,87.3.3,12.03.2010,19,40,740,2,2,0,9,1,1,2010
4,87.3.3,12.03.2010,20,36,610,2,2,0,7,1,1,2010
4,87.3.3,12.03.2010,21,39,725,1,2,0,7,1,1,2010
4,87.3.3,12.03.2010,22,35,525,2,2,0,6,1,1,2010
4,87.3.3,12.03.2010,23,38,665,2,2,0,7,1,1,2010
4,87.3.3,12.03.2010,24,40,745,1,2,0,7,1,1,2010
4,87.3.3,12.03.2010,25,38,655,2,2,0,7,1,1,2010
4,87.3.3,12.03.2010,26,45,1180,2,2,0,8,1,1,2010
4,87.3.3,12.03.2010,27,39,710,2,2,0,7,1,1,2010
4,87.3.3,12.03.2010,28,38,650,2,2,0,7,1,1,2010
4,87.3.3,12.03.2010,29,39,685,2,7,0,8,1,1,2010
4,87.3.3,12.03.2010,30,41,855,1,2,0,9,1,1,2010
4,87.3.3,12.03.2010,31,38,655,1,2,0,7,1,1,2010
4,87.3.3,12.03.2010,32,36,575,2,2,1,7,1,1,2010
4,87.3.3,12.03.2010,33,40,730,2,2,0,7,1,1,2010
4,87.3.3,12.03.2010,34,37,660,1,2,1,7,1,1,2010
4,87.3.3,12.03.2010,35,37,640,1,2,0,6,1,1,2010
8,87.3.3,14.03.2010,1,52,1575,1,2,0,10,1,1,2010
8,87.3.3,14.03.2010,2,54,1590,1,2,0,13,1,1,2010
8,87.3.3,14.03.2010,3,48,1300,2,2,0,10,1,1,2010
8,87.3.3,14.03.2010,4,48,1300,1,2,0,9,1,1,2010
8,87.3.3,14.03.2010,5,49,1290,1,2,0,9,1,1,2010
8,87.3.3,14.03.2010,6,45,975,1,2,0,9,1,1,2010
8,87.3.3,14.03.2010,7,46,1300,2,2,0,10,1,1,2010
8,87.3.3,14.03.2010,8,44,960,2,2,0,9,1,1,2010
8,87.3.3,14.03.2010,9,42,940,2,2,0,8,1,1,2010
8,87.3.3,14.03.2010,10,52,1405,1,2,0,10,1,1,2010
8,87.3.3,14.03.2010,11,49,1275,1,2,0,11,1,1,2010
8,87.3.3,14.03.2010,12,41,790,2,2,0,8,1,1,2010
8,87.3.3,14.03.2010,13,40,755,1,2,0,7,1,1,2010
8,87.3.3,14.03.2010,14,51,1525,1,2,0,brak,1,1,2010
8,87.3.3,14.03.2010,15,46,1065,2,2,0,8,1,1,2010
8,87.3.3,14.03.2010,16,50,1370,1,2,0,9,1,1,2010
8,87.3.3,14.03.2010,17,43,925,2,2,0,8,1,1,2010
8,87.3.3,14.03.2010,18,43,970,1,2,0,8,1,1,2010
8,87.3.3,14.03.2010,19,45,980,2,2,0,9,1,1,2010
8,87.3.3,14.03.2010,20,47,1230,1,2,0,8,1,1,2010
8,87.3.3,14.03.2010,21,51,1430,1,2,0,10,1,1,2010
8,87.3.3,14.03.2010,22,47,1280,1,2,0,9,1,1,2010
8,87.3.3,14.03.2010,23,50,1490,1,2,0,11,1,1,2010
8,87.3.3,14.03.2010,24,54,1670,1,2,0,14,1,1,2010
8,87.3.3,14.03.2010,25,39,710,2,2,0,8,1,1,2010
8,87.3.3,14.03.2010,26,42,820,1,2,0,9,1,1,2010
8,87.3.3,14.03.2010,27,38,615,1,2,0,8,1,1,2010
8,87.3.3,14.03.2010,28,36,550,1,2,0,6,1,1,2010
8,87.3.3,14.03.2010,29,39,645,1,2,0,7,1,1,2010
8,87.3.3,14.03.2010,30,35,510,1,2,0,7,1,1,2010
8,87.3.3,14.03.2010,31,37,590,1,2,0,7,1,1,2010
8,87.3.3,14.03.2010,32,36,530,1,2,0,7,1,1,2010
11,87.3.3,16.03.2010,1,39,680,1,2,0,7,1,1,2010
11,87.3.3,16.03.2010,2,35,540,1,2,0,5,1,1,2010
11,87.3.3,16.03.2010,3,41,840,1,2,0,8,1,1,2010
11,87.3.3,16.03.2010,4,42,880,1,2,0,8,1,1,2010
11,87.3.3,16.03.2010,5,41,820,1,2,0,7,1,1,2010
11,87.3.3,16.03.2010,6,35,580,2,2,0,6,1,1,2010
11,87.3.3,16.03.2010,7,41,840,2,2,0,7,1,1,2010
11,87.3.3,16.03.2010,8,39,710,1,2,0,7,1,1,2010
11,87.3.3,16.03.2010,9,41,830,1,2,0,7,1,1,2010
11,87.3.3,16.03.2010,10,35,570,2,2,0,6,1,1,2010
11,87.3.3,16.03.2010,11,36,480,2,2,0,6,1,1,2010
11,87.3.3,16.03.2010,12,39,800,2,2,0,8,1,1,2010
11,87.3.3,16.03.2010,13,39,740,2,2,0,7,1,1,2010
11,87.3.3,16.03.2010,14,40,820,2,2,0,8,1,1,2010
11,87.3.3,16.03.2010,15,52,1490,1,2,0,12,1,1,2010
11,87.3.3,16.03.2010,16,40,810,1,2,0,8,1,1,2010
11,87.3.3,16.03.2010,17,36,580,2,2,0,7,1,1,2010
11,87.3.3,16.03.2010,18,42,860,1,2,0,8,1,1,2010
11,87.3.3,16.03.2010,19,46,1120,1,2,0,9,1,1,2010
11,87.3.3,16.03.2010,20,42,850,2,2,0,9,1,1,2010
11,87.3.3,16.03.2010,21,45,960,1,2,0,10,1,1,2010
11,87.3.3,16.03.2010,22,40,770,1,2,0,8,1,1,2010
11,87.3.3,16.03.2010,23,37,620,2,2,0,7,1,1,2010
11,87.3.3,16.03.2010,24,38,710,2,2,0,8,1,1,2010
11,87.3.3,16.03.2010,25,38,700,2,2,0,7,1,1,2010
11,87.3.3,16.03.2010,26,37,610,2,2,0,7,1,1,2010
16,87.3.3,20.03.2010,1,51,1410,1,2,0,12,1,1,2010
16,87.3.3,20.03.2010,2,53,1640,1,2,0,13,1,1,2010
16,87.3.3,20.03.2010,3,47,1140,1,2,0,8,1,1,2010
16,87.3.3,20.03.2010,4,45,1050,1,2,0,9,1,1,2010
16,87.3.3,20.03.2010,5,50,1340,1,2,0,9,1,1,2010
16,87.3.3,20.03.2010,6,46,1120,1,2,0,9,1,1,2010
16,87.3.3,20.03.2010,7,42,860,1,2,0,8,1,1,2010
16,87.3.3,20.03.2010,8,45,1070,1,2,0,8,1,1,2010
16,87.3.3,20.03.2010,9,50,1480,1,2,0,10,1,1,2010
16,87.3.3,20.03.2010,10,46,1110,1,2,0,9,1,1,2010
16,87.3.3,20.03.2010,11,43,900,1,2,0,8,1,1,2010
16,87.3.3,20.03.2010,12,44,1040,1,2,0,8,1,1,2010
16,87.3.3,20.03.2010,13,41,820,2,2,0,8,1,1,2010
16,87.3.3,20.03.2010,14,48,1390,1,2,0,8,1,1,2010
16,87.3.3,20.03.2010,15,49,1420,1,2,0,9,1,1,2010
16,87.3.3,20.03.2010,16,48,1270,1,2,0,9,1,1,2010
16,87.3.3,20.03.2010,17,42,900,2,2,0,8,1,1,2010
16,87.3.3,20.03.2010,18,44,980,1,2,0,8,1,1,2010
16,87.3.3,20.03.2010,19,40,750,1,2,0,8,1,1,2010
16,87.3.3,20.03.2010,20,48,1220,1,2,0,10,1,1,2010
16,87.3.3,20.03.2010,21,38,640,1,2,0,8,1,1,2010
16,87.3.3,20.03.2010,22,39,710,1,2,0,7,1,1,2010
16,87.3.3,20.03.2010,23,36,590,2,2,0,6,1,1,2010
16,87.3.3,20.03.2010,24,37,610,2,2,0,7,1,1,2010
16,87.3.3,20.03.2010,25,37,610,1,2,0,7,1,1,2010
19,87.3.3,21.03.2010,1,46,1050,1,2,0,8,1,1,2010
19,87.3.3,21.03.2010,2,52,1330,1,2,0,11,1,1,2010
19,87.3.3,21.03.2010,3,49,1440,1,2,0,9,1,1,2010
19,87.3.3,21.03.2010,4,45,1070,2,2,0,8,1,1,2010
19,87.3.3,21.03.2010,5,47,1220,1,2,0,9,1,1,2010
19,87.3.3,21.03.2010,6,46,1080,1,2,0,9,1,1,2010
19,87.3.3,21.03.2010,7,49,1240,1,8,0,10,1,1,2010
19,87.3.3,21.03.2010,8,47,1190,1,2,0,9,1,1,2010
19,87.3.3,21.03.2010,9,42,870,2,2,0,7,1,1,2010
19,87.3.3,21.03.2010,10,42,910,1,2,0,7,1,1,2010
19,87.3.3,21.03.2010,11,43,910,1,2,0,9,1,1,2010
19,87.3.3,21.03.2010,12,54,1700,1,2,0,12,1,1,2010
19,87.3.3,21.03.2010,13,50,1430,1,2,0,11,1,1,2010
19,87.3.3,21.03.2010,14,43,980,1,2,0,8,1,1,2010
19,87.3.3,21.03.2010,15,52,1560,1,2,0,12,1,1,2010
19,87.3.3,21.03.2010,16,38,720,2,2,0,8,1,1,2010
19,87.3.3,21.03.2010,17,36,580,1,2,0,7,1,1,2010
19,87.3.3,21.03.2010,18,36,570,2,2,0,7,1,1,2010
19,87.3.3,21.03.2010,19,39,720,2,2,0,7,1,1,2010
19,87.3.3,21.03.2010,20,38,630,2,2,0,9,1,1,2010
19,87.3.3,21.03.2010,21,37,600,2,2,0,6,1,1,2010
19,87.3.3,21.03.2010,22,44,960,2,2,0,8,1,1,2010
19,87.3.3,21.03.2010,23,37,610,2,2,0,7,1,1,2010
19,87.3.3,21.03.2010,24,35,550,2,2,0,brak,1,1,2010
19,87.3.3,21.03.2010,25,40,810,1,2,0,8,1,1,2010
21,87.3.3,22.03.2010,1,49,1140,1,2,0,brak,1,1,2010
21,87.3.3,22.03.2010,2,45,1060,1,2,0,8,1,1,2010
21,87.3.3,22.03.2010,3,44,1030,1,2,0,9,1,1,2010
21,87.3.3,22.03.2010,4,43,860,1,2,0,8,1,1,2010
21,87.3.3,22.03.2010,5,50,1280,1,2,0,10,1,1,2010
21,87.3.3,22.03.2010,6,42,750,1,2,0,8,1,1,2010
21,87.3.3,22.03.2010,7,45,950,1,2,0,9,1,1,2010
21,87.3.3,22.03.2010,8,41,760,1,2,0,8,1,1,2010
21,87.3.3,22.03.2010,9,44,940,1,2,0,9,1,1,2010
21,87.3.3,22.03.2010,10,41,790,2,2,0,7,1,1,2010
21,87.3.3,22.03.2010,11,42,880,1,2,0,8,1,1,2010
21,87.3.3,22.03.2010,12,35,540,2,2,0,6,1,1,2010
21,87.3.3,22.03.2010,13,44,990,1,2,0,8,1,1,2010
21,87.3.3,22.03.2010,14,39,700,1,2,0,7,1,1,2010
21,87.3.3,22.03.2010,15,48,1150,1,2,0,10,1,1,2010
21,87.3.3,22.03.2010,16,39,600,1,2,2,9,1,1,2010
21,87.3.3,22.03.2010,17,38,680,1,2,0,7,1,1,2010
21,87.3.3,22.03.2010,18,35,520,2,2,0,6,1,1,2010
21,87.3.3,22.03.2010,19,46,1120,1,2,1,8,1,1,2010
21,87.3.3,22.03.2010,20,46,1120,2,2,0,8,1,1,2010
21,87.3.3,22.03.2010,21,36,550,2,2,0,7,1,1,2010
21,87.3.3,22.03.2010,22,35,540,2,2,0,6,1,1,2010
21,87.3.3,22.03.2010,23,46,1130,1,2,0,9,1,1,2010
21,87.3.3,22.03.2010,24,34,500,2,2,0,5,1,1,2010
21,87.3.3,22.03.2010,25,37,580,1,2,0,7,1,1,2010
26,87.3.3,25.03.2004,1,50,1490,2,2,0,9,1,1,2010
26,87.3.3,25.03.2004,2,35,510,2,2,0,6,1,1,2010
26,87.3.3,25.03.2004,3,51,1485,1,2,3,9,1,1,2010
26,87.3.3,25.03.2004,4,48,1290,2,2,0,8,1,1,2010
26,87.3.3,25.03.2004,5,49,1355,1,2,2,9,1,1,2010
26,87.3.3,25.03.2004,6,47,1245,2,2,2,8,1,1,2010
26,87.3.3,25.03.2004,7,41,815,1,2,0,7,1,1,2010
26,87.3.3,25.03.2004,8,53,1535,1,2,2,12,1,1,2010
26,87.3.3,25.03.2004,9,48,1245,2,2,3,8,1,1,2010
26,87.3.3,25.03.2004,10,46,1165,2,2,0,8,1,1,2010
26,87.3.3,25.03.2004,11,43,1015,2,2,1,8,1,1,2010
26,87.3.3,25.03.2004,12,49,1320,2,2,0,9,1,1,2010
26,87.3.3,25.03.2004,13,45,1090,2,2,3,9,1,1,2010
26,87.3.3,25.03.2004,14,41,775,1,2,0,8,1,1,2010
26,87.3.3,25.03.2004,15,44,1045,2,2,0,8,1,1,2010
26,87.3.3,25.03.2004,16,53,1560,1,2,4,12,1,1,2010
26,87.3.3,25.03.2004,17,42,880,1,2,0,8,1,1,2010
26,87.3.3,25.03.2004,18,43,950,1,2,1,8,1,1,2010
26,87.3.3,25.03.2004,19,38,625,1,2,0,8,1,1,2010
26,87.3.3,25.03.2004,20,46,1035,1,2,3,8,1,1,2010
26,87.3.3,25.03.2004,21,45,1060,1,2,3,8,1,1,2010
26,87.3.3,25.03.2004,22,40,770,2,2,0,7,1,1,2010
26,87.3.3,25.03.2004,23,39,680,1,2,1,9,1,1,2010
26,87.3.3,25.03.2004,24,36,570,2,2,3,6,1,1,2010
26,87.3.3,25.03.2004,25,37,590,1,2,0,8,1,1,2010
28,87.3.3,26.03.2010,1,48,1290,1,2,0,9,1,1,2010
28,87.3.3,26.03.2010,2,43,940,2,2,0,9,1,1,2010
28,87.3.3,26.03.2010,3,41,850,1,2,0,8,1,1,2010
28,87.3.3,26.03.2010,4,44,960,1,2,0,8,1,1,2010
28,87.3.3,26.03.2010,5,41,830,2,2,0,8,1,1,2010
28,87.3.3,26.03.2010,6,40,750,1,2,0,8,1,1,2010
28,87.3.3,26.03.2010,7,44,965,1,2,0,10,1,1,2010
28,87.3.3,26.03.2010,8,47,1130,1,2,0,9,1,1,2010
28,87.3.3,26.03.2010,9,42,900,1,2,0,7,1,1,2010
28,87.3.3,26.03.2010,10,39,710,1,2,0,7,1,1,2010
28,87.3.3,26.03.2010,11,47,1120,1,2,0,10,1,1,2010
28,87.3.3,26.03.2010,12,45,1205,2,2,0,8,1,1,2010
28,87.3.3,26.03.2010,13,45,1055,1,2,0,8,1,1,2010
28,87.3.3,26.03.2010,14,36,570,1,2,0,7,1,1,2010
28,87.3.3,26.03.2010,15,35,560,1,2,0,7,1,1,2010
28,87.3.3,26.03.2010,16,36,565,1,2,0,7,1,1,2010
28,87.3.3,26.03.2010,17,35,505,1,2,0,6,1,1,2010
28,87.3.3,26.03.2010,18,38,660,1,2,0,7,1,1,2010
28,87.3.3,26.03.2010,19,39,680,1,2,0,7,1,1,2010
28,87.3.3,26.03.2010,20,37,620,2,2,0,7,1,1,2010
28,87.3.3,26.03.2010,21,37,615,2,2,0,7,1,1,2010
28,87.3.3,26.03.2010,22,40,685,1,2,0,7,1,1,2010
28,87.3.3,26.03.2010,23,37,595,2,2,0,6,1,1,2010
28,87.3.3,26.03.2010,24,38,675,1,2,0,7,1,1,2010
28,87.3.3,26.03.2010,25,36,550,2,2,0,7,1,1,2010
31,87.3.3,27.03.2010,1,42,820,1,2,0,8,1,1,2010
31,87.3.3,27.03.2010,2,49,1260,1,2,0,9,1,1,2010
31,87.3.3,27.03.2010,3,35,530,2,2,0,7,1,1,2010
31,87.3.3,27.03.2010,4,35,500,2,2,0,7,1,1,2010
31,87.3.3,27.03.2010,5,42,780,1,2,2,7,1,1,2010
31,87.3.3,27.03.2010,6,49,1305,1,2,0,10,1,1,2010
31,87.3.3,27.03.2010,7,53,1625,1,2,0,12,1,1,2010
31,87.3.3,27.03.2010,8,47,1195,2,2,0,9,1,1,2010
31,87.3.3,27.03.2010,9,51,1480,2,2,1,11,1,1,2010
31,87.3.3,27.03.2010,10,48,1255,1,2,3,9,1,1,2010
31,87.3.3,27.03.2010,11,46,1130,1,2,0,9,1,1,2010
31,87.3.3,27.03.2010,12,40,755,1,2,0,9,1,1,2010
31,87.3.3,27.03.2010,13,45,1120,2,2,0,8,1,1,2010
31,87.3.3,27.03.2010,14,44,1005,1,2,0,9,1,1,2010
31,87.3.3,27.03.2010,15,39,675,2,2,0,7,1,1,2010
31,87.3.3,27.03.2010,16,41,805,1,2,0,8,1,1,2010
31,87.3.3,27.03.2010,17,44,1060,1,2,0,9,1,1,2010
31,87.3.3,27.03.2010,18,43,895,1,2,3,8,1,1,2010
31,87.3.3,27.03.2010,19,37,625,1,2,2,7,1,1,2010
31,87.3.3,27.03.2010,20,37,570,1,2,0,7,1,1,2010
31,87.3.3,27.03.2010,21,36,560,2,2,3,7,1,1,2010
31,87.3.3,27.03.2010,22,36,585,2,2,0,7,1,1,2010
31,87.3.3,27.03.2010,23,40,765,1,2,0,7,1,1,2010
31,87.3.3,27.03.2010,24,38,725,2,2,0,7,1,1,2010
31,87.3.3,27.03.2010,25,38,645,2,2,0,8,1,1,2010
31,87.3.3,27.03.2010,26,50,1305,1,2,0,11,1,1,2010
32,87.3.3,29.03.2010,1,43,875,1,2,0,7,1,1,2010
32,87.3.3,29.03.2010,2,49,1445,1,2,0,8,1,1,2010
32,87.3.3,29.03.2010,3,44,1035,2,2,0,8,1,1,2010
32,87.3.3,29.03.2010,4,47,1280,1,2,0,8,1,1,2010
32,87.3.3,29.03.2010,5,48,1145,1,2,0,8,1,1,2010
32,87.3.3,29.03.2010,6,42,865,2,2,0,7,1,1,2010
32,87.3.3,29.03.2010,7,42,865,1,2,0,7,1,1,2010
32,87.3.3,29.03.2010,8,51,1370,1,2,0,11,1,1,2010
32,87.3.3,29.03.2010,9,36,525,2,2,0,6,1,1,2010
32,87.3.3,29.03.2010,10,45,985,1,2,0,8,1,1,2010
32,87.3.3,29.03.2010,11,37,600,2,2,0,7,1,1,2010
32,87.3.3,29.03.2010,12,42,855,1,2,0,8,1,1,2010
32,87.3.3,29.03.2010,13,38,640,1,2,0,7,1,1,2010
32,87.3.3,29.03.2010,14,36,530,2,2,0,7,1,1,2010
32,87.3.3,29.03.2010,15,38,730,2,2,0,8,1,1,2010
32,87.3.3,29.03.2010,16,48,1250,1,2,0,10,1,1,2010
32,87.3.3,29.03.2010,17,40,690,1,2,0,9,1,1,2010
32,87.3.3,29.03.2010,18,40,715,1,2,0,7,1,1,2010
32,87.3.3,29.03.2010,19,45,1075,2,2,0,8,1,1,2010
32,87.3.3,29.03.2010,20,45,1145,2,2,0,8,1,1,2010
32,87.3.3,29.03.2010,21,42,810,1,2,0,8,1,1,2010
32,87.3.3,29.03.2010,22,41,745,1,2,0,7,1,1,2010
32,87.3.3,29.03.2010,23,46,1080,1,2,0,9,1,1,2010
32,87.3.3,29.03.2010,24,40,690,1,2,0,7,1,1,2010
32,87.3.3,29.03.2010,25,45,940,1,2,0,9,1,1,2010
32,87.3.3,29.03.2010,26,39,630,1,2,0,7,1,1,2010
32,87.3.3,29.03.2010,27,47,1100,1,2,0,10,1,1,2010
32,87.3.3,29.03.2010,28,37,640,1,2,0,8,1,1,2010
32,87.3.3,29.03.2010,29,50,1360,1,2,0,11,1,1,2010
32,87.3.3,29.03.2010,30,39,695,1,2,0,8,1,1,2010
32,87.3.3,29.03.2010,31,36,535,1,2,0,8,1,1,2010
32,87.3.3,29.03.2010,32,37,530,1,2,0,7,1,1,2010
32,87.3.3,29.03.2010,33,38,665,1,2,0,7,1,1,2010
32,87.3.3,29.03.2010,34,48,1390,1,2,0,10,1,1,2010
32,87.3.3,29.03.2010,35,46,1105,2,2,0,9,1,1,2010
32,87.3.3,29.03.2010,36,46,1170,2,2,0,8,1,1,2010
32,87.3.3,29.03.2010,37,51,1480,1,2,0,10,1,1,2010
32,87.3.3,29.03.2010,38,51,1555,1,2,0,10,1,1,2010
32,87.3.3,29.03.2010,39,49,1405,1,2,0,10,1,1,2010
32,87.3.3,29.03.2010,40,52,1450,1,2,0,10,1,1,2010
32,87.3.3,29.03.2010,41,49,1315,1,2,0,9,1,1,2010
32,87.3.3,29.03.2010,42,49,1305,2,2,0,10,1,1,2010
32,87.3.3,29.03.2010,43,53,1490,1,2,0,11,1,1,2010
32,87.3.3,29.03.2010,44,43,825,1,2,0,8,1,1,2010
32,87.3.3,29.03.2010,45,47,1105,1,2,0,8,1,1,2010
32,87.3.3,29.03.2010,46,44,995,1,2,0,8,1,1,2010
32,87.3.3,29.03.2010,47,43,915,1,2,0,9,1,1,2010
32,87.3.3,29.03.2010,48,35,540,1,2,0,7,1,1,2010
32,87.3.3,29.03.2010,49,35,520,2,2,0,7,1,1,2010
32,87.3.3,29.03.2010,50,41,770,1,2,0,8,1,1,2010
36,87.3.3,30.03.2010,1,50,1385,1,2,0,11,1,1,2010
36,87.3.3,30.03.2010,2,50,1470,2,2,0,10,1,1,2010
36,87.3.3,30.03.2010,3,47,1125,1,2,0,9,1,1,2010
36,87.3.3,30.03.2010,4,48,1250,1,2,0,9,1,1,2010
36,87.3.3,30.03.2010,5,42,930,2,2,0,7,1,1,2010
36,87.3.3,30.03.2010,6,50,1390,2,2,0,10,1,1,2010
36,87.3.3,30.03.2010,7,46,1195,2,2,0,9,1,1,2010
36,87.3.3,30.03.2010,8,49,1465,1,2,0,9,1,1,2010
36,87.3.3,30.03.2010,9,46,1175,2,2,0,8,1,1,2010
36,87.3.3,30.03.2010,10,45,990,1,2,0,8,1,1,2010
36,87.3.3,30.03.2010,11,43,945,2,2,0,8,1,1,2010
36,87.3.3,30.03.2010,12,46,1005,1,2,0,8,1,1,2010
36,87.3.3,30.03.2010,13,44,980,1,2,0,8,1,1,2010
36,87.3.3,30.03.2010,14,44,975,2,2,0,9,1,1,2010
36,87.3.3,30.03.2010,15,51,1490,1,2,0,11,1,1,2010
36,87.3.3,30.03.2010,16,45,1145,1,2,0,8,1,1,2010
36,87.3.3,30.03.2010,17,45,1100,2,2,0,8,1,1,2010
36,87.3.3,30.03.2010,18,43,860,1,2,0,8,1,1,2010
36,87.3.3,30.03.2010,19,40,700,2,2,0,7,1,1,2010
36,87.3.3,30.03.2010,20,36,605,2,2,0,6,1,1,2010
36,87.3.3,30.03.2010,21,35,525,2,2,0,7,1,1,2010
36,87.3.3,30.03.2010,22,48,1280,1,2,0,10,1,1,2010
36,87.3.3,30.03.2010,23,52,1545,1,2,0,12,1,1,2010
36,87.3.3,30.03.2010,24,48,1365,2,2,0,10,1,1,2010
36,87.3.3,30.03.2010,25,47,1295,2,2,0,10,1,1,2010
36,87.3.3,30.03.2010,26,38,675,2,2,0,7,1,1,2010
36,87.3.3,30.03.2010,27,36,560,1,2,0,7,1,1,2010
36,87.3.3,30.03.2010,28,42,900,2,2,0,8,1,1,2010
36,87.3.3,30.03.2010,29,37,635,2,2,0,8,1,1,2010
36,87.3.3,30.03.2010,30,44,1040,2,2,0,9,1,1,2010
36,87.3.3,30.03.2010,31,39,730,2,2,0,7,1,1,2010
36,87.3.3,30.03.2010,32,42,920,1,2,0,9,1,1,2010
36,87.3.3,30.03.2010,33,37,595,2,2,0,8,1,1,2010
36,87.3.3,30.03.2010,34,42,895,2,2,0,8,1,1,2010
36,87.3.3,30.03.2010,35,41,790,1,2,0,9,1,1,2010
36,87.3.3,30.03.2010,36,41,810,1,2,0,9,1,1,2010
36,87.3.3,30.03.2010,37,39,690,2,2,0,7,1,1,2010
36,87.3.3,30.03.2010,38,39,745,1,2,0,8,1,1,2010
36,87.3.3,30.03.2010,39,35,555,2,2,0,7,1,1,2010
36,87.3.3,30.03.2010,40,36,600,1,2,0,7,1,1,2010
36,87.3.3,30.03.2010,41,38,675,1,2,0,7,1,1,2010
36,87.3.3,30.03.2010,42,42,810,2,2,0,8,1,1,2010
36,87.3.3,30.03.2010,43,41,920,2,2,0,8,1,1,2010
36,87.3.3,30.03.2010,44,39,740,2,2,0,9,1,1,2010
36,87.3.3,30.03.2010,45,37,640,2,2,0,8,1,1,2010
36,87.3.3,30.03.2010,46,39,660,1,2,0,9,1,1,2010
36,87.3.3,30.03.2010,47,38,650,1,2,0,8,1,1,2010
36,87.3.3,30.03.2010,48,45,1045,2,2,0,9,1,1,2010
36,87.3.3,30.03.2010,49,37,620,2,2,0,7,1,1,2010
36,87.3.3,30.03.2010,50,38,595,2,2,0,8,1,1,2010
39,87.3.3,31.03.2010,1,45,985,1,2,0,9,1,1,2010
39,87.3.3,31.03.2010,2,48,1190,1,2,0,11,1,1,2010
39,87.3.3,31.03.2010,3,46,1185,2,2,0,11,1,1,2010
39,87.3.3,31.03.2010,4,48,1240,1,2,0,10,1,1,2010
39,87.3.3,31.03.2010,5,48,1290,1,2,0,11,1,1,2010
39,87.3.3,31.03.2010,6,47,1220,1,2,0,8,1,1,2010
39,87.3.3,31.03.2010,7,44,1030,2,2,0,9,1,1,2010
39,87.3.3,31.03.2010,8,41,760,1,2,0,8,1,1,2010
39,87.3.3,31.03.2010,9,42,820,1,2,0,7,1,1,2010
39,87.3.3,31.03.2010,10,37,565,2,2,0,8,1,1,2010
39,87.3.3,31.03.2010,11,35,530,2,2,0,7,1,1,2010
39,87.3.3,31.03.2010,12,35,545,2,2,0,7,1,1,2010
39,87.3.3,31.03.2010,13,45,1040,2,2,0,9,1,1,2010
39,87.3.3,31.03.2010,14,43,890,1,2,0,9,1,1,2010
39,87.3.3,31.03.2010,15,46,1230,2,2,0,10,1,1,2010
39,87.3.3,31.03.2010,16,37,630,1,2,0,8,1,1,2010
39,87.3.3,31.03.2010,17,43,840,1,2,0,9,1,1,2010
39,87.3.3,31.03.2010,18,41,975,2,2,0,8,1,1,2010
39,87.3.3,31.03.2010,19,46,1115,1,2,0,10,1,1,2010
39,87.3.3,31.03.2010,20,37,640,2,2,0,6,1,1,2010
39,87.3.3,31.03.2010,21,36,600,2,2,0,7,1,1,2010
39,87.3.3,31.03.2010,22,42,925,2,2,0,8,1,1,2010
39,87.3.3,31.03.2010,23,36,595,2,2,0,6,1,1,2010
39,87.3.3,31.03.2010,24,36,605,2,2,0,7,1,1,2010
39,87.3.3,31.03.2010,25,46,1065,1,2,0,8,1,1,2010
39,87.3.3,31.03.2010,26,44,1010,1,2,0,9,1,1,2010
39,87.3.3,31.03.2010,27,47,1185,1,2,0,9,1,1,2010
39,87.3.3,31.03.2010,28,40,765,1,2,0,8,1,1,2010
39,87.3.3,31.03.2010,29,42,845,1,2,0,7,1,1,2010
39,87.3.3,31.03.2010,30,48,1245,1,2,0,11,1,1,2010
39,87.3.3,31.03.2010,31,38,705,1,2,0,8,1,1,2010
39,87.3.3,31.03.2010,32,38,645,1,2,0,7,1,1,2010
39,87.3.3,31.03.2010,33,40,775,2,2,0,8,1,1,2010
39,87.3.3,31.03.2010,34,43,865,1,2,0,9,1,1,2010
39,87.3.3,31.03.2010,35,39,690,1,2,0,8,1,1,2010
39,87.3.3,31.03.2010,36,38,650,2,2,0,9,1,1,2010
39,87.3.3,31.03.2010,37,38,710,1,2,0,8,1,1,2010
39,87.3.3,31.03.2010,38,40,790,1,2,2,8,1,1,2010
39,87.3.3,31.03.2010,39,40,740,1,2,0,9,1,1,2010
39,87.3.3,31.03.2010,40,39,740,2,2,2,9,1,1,2010
39,87.3.3,31.03.2010,41,41,820,2,2,0,9,1,1,2010
39,87.3.3,31.03.2010,42,39,730,1,2,1,8,1,1,2010
39,87.3.3,31.03.2010,43,36,585,2,2,0,8,1,1,2010
39,87.3.3,31.03.2010,44,36,570,1,2,2,8,1,1,2010
39,87.3.3,31.03.2010,45,39,740,1,2,0,8,1,1,2010
39,87.3.3,31.03.2010,46,38,685,2,2,1,8,1,1,2010
39,87.3.3,31.03.2010,47,38,615,2,2,0,7,1,1,2010
39,87.3.3,31.03.2010,48,39,710,2,2,0,8,1,1,2010
39,87.3.3,31.03.2010,49,39,690,2,2,0,7,1,1,2010
39,87.3.3,31.03.2010,50,41,800,1,2,0,9,1,1,2010
46,87.3.3,01.04.2010,1,53,1530,1,2,0,12,1,2,2010
46,87.3.3,01.04.2010,2,48,1270,2,2,1,12,1,2,2010
46,87.3.3,01.04.2010,3,47,1320,2,2,1,10,1,2,2010
46,87.3.3,01.04.2010,4,53,1560,1,2,0,13,1,2,2010
46,87.3.3,01.04.2010,5,49,1470,2,2,0,12,1,2,2010
46,87.3.3,01.04.2010,6,50,1550,2,2,0,11,1,2,2010
46,87.3.3,01.04.2010,7,44,960,1,2,0,9,1,2,2010
46,87.3.3,01.04.2010,8,49,1300,2,2,3,12,1,2,2010
46,87.3.3,01.04.2010,9,40,740,1,2,0,9,1,2,2010
46,87.3.3,01.04.2010,10,47,1140,1,2,1,10,1,2,2010
46,87.3.3,01.04.2010,11,44,960,1,2,0,9,1,2,2010
46,87.3.3,01.04.2010,12,36,560,1,2,2,7,1,2,2010
46,87.3.3,01.04.2010,13,36,590,2,2,2,7,1,2,2010
46,87.3.3,01.04.2010,14,48,1310,1,2,0,10,1,2,2010
46,87.3.3,01.04.2010,15,50,1360,1,2,0,12,1,2,2010
46,87.3.3,01.04.2010,16,45,1000,2,2,1,10,1,2,2010
46,87.3.3,01.04.2010,17,49,1330,1,2,0,10,1,2,2010
46,87.3.3,01.04.2010,18,36,550,1,2,0,7,1,2,2010
46,87.3.3,01.04.2010,19,45,1190,2,2,0,9,1,2,2010
46,87.3.3,01.04.2010,20,45,1010,1,2,2,8,1,2,2010
46,87.3.3,01.04.2010,21,48,1260,1,2,0,9,1,2,2010
46,87.3.3,01.04.2010,22,46,1020,1,2,0,10,1,2,2010
46,87.3.3,01.04.2010,23,42,850,1,2,1,8,1,2,2010
46,87.3.3,01.04.2010,24,44,1010,1,2,0,8,1,2,2010
46,87.3.3,01.04.2010,25,37,620,1,2,2,7,1,2,2010
46,87.3.3,01.04.2010,26,47,1180,1,2,0,10,1,2,2010
46,87.3.3,01.04.2010,27,40,730,1,2,2,8,1,2,2010
46,87.3.3,01.04.2010,28,37,620,2,2,1,6,1,2,2010
46,87.3.3,01.04.2010,29,43,940,2,2,3,9,1,2,2010
46,87.3.3,01.04.2010,30,38,650,1,2,3,8,1,2,2010
46,87.3.3,01.04.2010,31,38,650,1,2,2,8,1,2,2010
46,87.3.3,01.04.2010,32,41,740,2,2,2,9,1,2,2010
46,87.3.3,01.04.2010,33,42,860,1,2,2,9,1,2,2010
46,87.3.3,01.04.2010,34,39,660,1,2,0,8,1,2,2010
48,87.3.3,02.04.2010,1,46,1050,1,2,2,8,1,2,2010
48,87.3.3,02.04.2010,2,48,1300,2,2,0,9,1,2,2010
48,87.3.3,02.04.2010,3,48,1300,2,2,0,10,1,2,2010
48,87.3.3,02.04.2010,4,48,1300,2,2,0,10,1,2,2010
48,87.3.3,02.04.2010,5,49,1290,1,2,0,12,1,2,2010
48,87.3.3,02.04.2010,6,44,1040,2,2,0,8,1,2,2010
48,87.3.3,02.04.2010,7,44,980,1,2,0,8,1,2,2010
48,87.3.3,02.04.2010,8,44,1010,2,2,1,9,1,2,2010
48,87.3.3,02.04.2010,9,45,1100,1,2,0,10,1,2,2010
48,87.3.3,02.04.2010,10,46,1180,1,2,0,11,1,2,2010
48,87.3.3,02.04.2010,11,42,900,1,2,1,8,1,2,2010
48,87.3.3,02.04.2010,12,42,820,1,2,2,8,1,2,2010
48,87.3.3,02.04.2010,13,41,830,1,2,2,7,1,2,2010
48,87.3.3,02.04.2010,14,42,820,1,2,1,7,1,2,2010
48,87.3.3,02.04.2010,15,46,1070,2,2,0,8,1,2,2010
48,87.3.3,02.04.2010,16,45,1030,1,2,0,8,1,2,2010
48,87.3.3,02.04.2010,17,43,920,1,2,0,8,1,2,2010
48,87.3.3,02.04.2010,18,42,870,1,2,1,8,1,2,2010
48,87.3.3,02.04.2010,19,43,980,2,2,0,7,1,2,2010
48,87.3.3,02.04.2010,20,43,910,2,2,2,8,1,2,2010
48,87.3.3,02.04.2010,21,40,730,1,2,2,8,1,2,2010
48,87.3.3,02.04.2010,22,48,1210,2,2,1,10,1,2,2010
48,87.3.3,02.04.2010,23,41,730,1,2,2,7,1,2,2010
48,87.3.3,02.04.2010,24,40,740,2,2,2,7,1,2,2010
48,87.3.3,02.04.2010,25,37,570,1,2,1,8,1,2,2010
48,87.3.3,02.04.2010,26,35,530,2,2,2,7,1,2,2010
48,87.3.3,02.04.2010,27,40,730,2,2,1,8,1,2,2010
48,87.3.3,02.04.2010,28,37,620,2,2,0,6,1,2,2010
48,87.3.3,02.04.2010,29,38,630,2,2,1,7,1,2,2010
48,87.3.3,02.04.2010,30,37,580,1,2,2,7,1,2,2010
48,87.3.3,02.04.2010,31,36,560,2,2,2,6,1,2,2010
48,87.3.3,02.04.2010,32,41,790,2,2,0,8,1,2,2010
48,87.3.3,02.04.2010,33,38,640,1,2,2,6,1,2,2010
48,87.3.3,02.04.2010,34,48,1180,1,2,0,9,1,2,2010
48,87.3.3,02.04.2010,35,39,720,1,2,2,7,1,2,2010
48,87.3.3,02.04.2010,36,38,580,1,2,2,7,1,2,2010
48,87.3.3,02.04.2010,37,39,680,2,2,0,7,1,2,2010
48,87.3.3,02.04.2010,38,35,530,2,2,0,7,1,2,2010
48,87.3.3,02.04.2010,39,36,560,2,2,2,7,1,2,2010
48,87.3.3,02.04.2010,40,38,610,1,2,1,7,1,2,2010
48,87.3.3,02.04.2010,41,45,1080,2,2,2,8,1,2,2010
48,87.3.3,02.04.2010,42,44,970,1,2,0,8,1,2,2010
48,87.3.3,02.04.2010,43,44,1000,1,2,0,8,1,2,2010
48,87.3.3,02.04.2010,44,37,600,2,6,2,7,1,2,2010
48,87.3.3,02.04.2010,45,39,670,1,2,0,7,1,2,2010
48,87.3.3,02.04.2010,46,40,650,1,2,0,8,1,2,2010
48,87.3.3,02.04.2010,47,46,1030,1,2,2,8,1,2,2010
48,87.3.3,02.04.2010,48,37,650,2,2,2,7,1,2,2010
48,87.3.3,02.04.2010,49,39,730,2,2,1,7,1,2,2010
48,87.3.3,02.04.2010,50,48,1180,1,2,0,9,1,2,2010
49,87.3.3,03.04.2010,1,52,1450,1,2,0,10,1,2,2010
49,87.3.3,03.04.2010,2,53,1570,2,2,0,11,1,2,2010
49,87.3.3,03.04.2010,3,48,1300,1,2,2,8,1,2,2010
49,87.3.3,03.04.2010,4,51,1470,1,2,0,10,1,2,2010
49,87.3.3,03.04.2010,5,47,1210,2,2,0,9,1,2,2010
49,87.3.3,03.04.2010,6,49,1280,1,2,0,11,1,2,2010
49,87.3.3,03.04.2010,7,42,920,2,2,2,8,1,2,2010
49,87.3.3,03.04.2010,8,47,1170,1,2,0,9,1,2,2010
49,87.3.3,03.04.2010,9,47,1180,1,2,0,9,1,2,2010
49,87.3.3,03.04.2010,10,39,750,1,2,3,8,1,2,2010
49,87.3.3,03.04.2010,11,46,1130,1,2,0,8,1,2,2010
49,87.3.3,03.04.2010,12,43,870,2,2,4,9,1,2,2010
49,87.3.3,03.04.2010,13,43,890,1,2,3,9,1,2,2010
49,87.3.3,03.04.2010,14,46,1090,1,2,3,9,1,2,2010
49,87.3.3,03.04.2010,15,41,720,1,2,0,8,1,2,2010
49,87.3.3,03.04.2010,16,37,590,1,2,0,7,1,2,2010
49,87.3.3,03.04.2010,17,43,890,1,2,0,7,1,2,2010
49,87.3.3,03.04.2010,18,39,690,1,2,0,8,1,2,2010
49,87.3.3,03.04.2010,19,38,650,2,2,4,7,1,2,2010
49,87.3.3,03.04.2010,20,39,660,2,2,3,7,1,2,2010
49,87.3.3,03.04.2010,21,41,740,1,2,4,8,1,2,2010
49,87.3.3,03.04.2010,22,40,740,1,2,0,8,1,2,2010
49,87.3.3,03.04.2010,23,40,730,2,2,2,7,1,2,2010
49,87.3.3,03.04.2010,24,37,600,2,2,4,8,1,2,2010
49,87.3.3,03.04.2010,25,41,810,1,2,0,8,1,2,2010
49,87.3.3,03.04.2010,26,48,1330,1,2,0,9,1,2,2010
49,87.3.3,03.04.2010,27,38,670,2,2,0,7,1,2,2010
49,87.3.3,03.04.2010,28,37,620,2,2,4,6,1,2,2010
49,87.3.3,03.04.2010,29,44,1100,1,2,0,8,1,2,2010
49,87.3.3,03.04.2010,30,44,890,1,2,1,8,1,2,2010
49,87.3.3,03.04.2010,31,45,1020,1,2,0,9,1,2,2010
49,87.3.3,03.04.2010,32,42,890,1,2,4,9,1,2,2010
49,87.3.3,03.04.2010,33,45,1050,2,2,0,10,1,2,2010
49,87.3.3,03.04.2010,34,39,670,1,2,2,7,1,2,2010
49,87.3.3,03.04.2010,35,51,1420,1,2,0,11,1,2,2010
49,87.3.3,03.04.2010,36,46,1180,2,2,0,8,1,2,2010
49,87.3.3,03.04.2010,37,45,1030,1,2,0,8,1,2,2010
49,87.3.3,03.04.2010,38,43,900,2,2,3,8,1,2,2010
49,87.3.3,03.04.2010,39,39,650,1,2,0,7,1,2,2010
49,87.3.3,03.04.2010,40,43,1030,2,2,4,8,1,2,2010
49,87.3.3,03.04.2010,41,46,1210,2,2,0,9,1,2,2010
49,87.3.3,03.04.2010,42,41,810,1,2,1,7,1,2,2010
49,87.3.3,03.04.2010,43,48,1340,1,2,0,9,1,2,2010
49,87.3.3,03.04.2010,44,44,1010,2,8,0,8,1,2,2010
49,87.3.3,03.04.2010,45,47,1200,2,2,3,8,1,2,2010
49,87.3.3,03.04.2010,46,44,970,1,2,0,9,1,2,2010
49,87.3.3,03.04.2010,47,41,740,2,2,4,7,1,2,2010
49,87.3.3,03.04.2010,48,41,800,1,2,2,7,1,2,2010
49,87.3.3,03.04.2010,49,40,710,1,2,0,7,1,2,2010
49,87.3.3,03.04.2010,50,37,570,2,2,3,7,1,2,2010
52,87.3.3,04.04.2010,1,47,1200,1,2,0,9,1,2,2010
52,87.3.3,04.04.2010,2,36,560,2,2,0,7,1,2,2010
52,87.3.3,04.04.2010,3,41,800,1,2,0,8,1,2,2010
52,87.3.3,04.04.2010,4,47,1300,1,2,0,9,1,2,2010
52,87.3.3,04.04.2010,5,41,810,2,2,0,7,1,2,2010
52,87.3.3,04.04.2010,6,45,960,2,2,0,8,1,2,2010
52,87.3.3,04.04.2010,7,40,740,2,2,0,9,1,2,2010
52,87.3.3,04.04.2010,8,38,620,1,2,0,7,1,2,2010
52,87.3.3,04.04.2010,9,52,1400,1,2,0,12,1,2,2010
52,87.3.3,04.04.2010,10,47,1420,1,2,0,8,1,2,2010
52,87.3.3,04.04.2010,11,41,870,2,2,0,7,1,2,2010
52,87.3.3,04.04.2010,12,44,1090,1,2,0,7,1,2,2010
52,87.3.3,04.04.2010,13,40,730,1,2,0,7,1,2,2010
52,87.3.3,04.04.2010,14,45,1080,1,2,0,8,1,2,2010
52,87.3.3,04.04.2010,15,50,1550,1,2,0,11,1,2,2010
52,87.3.3,04.04.2010,16,45,1060,1,2,0,8,1,2,2010
52,87.3.3,04.04.2010,17,40,760,2,2,0,8,1,2,2010
52,87.3.3,04.04.2010,18,44,1010,2,2,0,10,1,2,2010
52,87.3.3,04.04.2010,19,39,730,2,2,0,8,1,2,2010
52,87.3.3,04.04.2010,20,51,1490,1,2,0,10,1,2,2010
52,87.3.3,04.04.2010,21,44,1100,2,2,0,8,1,2,2010
52,87.3.3,04.04.2010,22,39,650,1,2,0,8,1,2,2010
52,87.3.3,04.04.2010,23,46,1120,1,2,0,9,1,2,2010
52,87.3.3,04.04.2010,24,42,880,2,8,0,9,1,2,2010
52,87.3.3,04.04.2010,25,37,620,1,2,0,7,1,2,2010
52,87.3.3,04.04.2010,26,43,1030,2,2,0,8,1,2,2010
52,87.3.3,04.04.2010,27,39,720,1,2,0,7,1,2,2010
52,87.3.3,04.04.2010,28,43,980,1,2,0,8,1,2,2010
52,87.3.3,04.04.2010,29,46,1260,1,2,0,8,1,2,2010
52,87.3.3,04.04.2010,30,48,1240,1,2,0,10,1,2,2010
52,87.3.3,04.04.2010,31,43,920,1,2,0,8,1,2,2010
52,87.3.3,04.04.2010,32,46,1040,1,2,0,9,1,2,2010
52,87.3.3,04.04.2010,33,37,580,1,2,0,7,1,2,2010
52,87.3.3,04.04.2010,34,36,560,1,2,0,7,1,2,2010
52,87.3.3,04.04.2010,35,44,880,1,2,0,9,1,2,2010
52,87.3.3,04.04.2010,36,40,790,1,2,0,8,1,2,2010
52,87.3.3,04.04.2010,37,38,660,2,2,0,6,1,2,2010
52,87.3.3,04.04.2010,38,38,620,1,2,0,8,1,2,2010
52,87.3.3,04.04.2010,39,40,750,1,2,0,8,1,2,2010
52,87.3.3,04.04.2010,40,37,620,1,2,0,8,1,2,2010
55,87.3.3,05.04.2010,1,49,1320,1,2,0,10,1,2,2010
55,87.3.3,05.04.2010,2,49,1420,1,2,0,9,1,2,2010
55,87.3.3,05.04.2010,3,48,1260,2,2,0,9,1,2,2010
55,87.3.3,05.04.2010,4,48,1200,1,2,0,9,1,2,2010
55,87.3.3,05.04.2010,5,45,1090,1,2,0,8,1,2,2010
55,87.3.3,05.04.2010,6,42,860,1,2,0,8,1,2,2010
55,87.3.3,05.04.2010,7,47,1130,1,2,0,10,1,2,2010
55,87.3.3,05.04.2010,8,44,980,2,2,0,8,1,2,2010
55,87.3.3,05.04.2010,9,47,1210,2,2,0,9,1,2,2010
55,87.3.3,05.04.2010,10,46,1110,1,2,0,9,1,2,2010
55,87.3.3,05.04.2010,11,40,750,2,2,0,8,1,2,2010
55,87.3.3,05.04.2010,12,35,540,1,2,0,5,1,2,2010
55,87.3.3,05.04.2010,13,46,1040,1,2,0,9,1,2,2010
55,87.3.3,05.04.2010,14,44,1010,2,2,0,8,1,2,2010
55,87.3.3,05.04.2010,15,42,810,1,2,0,8,1,2,2010
55,87.3.3,05.04.2010,16,48,1230,1,2,0,10,1,2,2010
55,87.3.3,05.04.2010,17,41,830,1,2,0,8,1,2,2010
55,87.3.3,05.04.2010,18,38,650,1,2,0,8,1,2,2010
55,87.3.3,05.04.2010,19,41,820,1,2,0,7,1,2,2010
55,87.3.3,05.04.2010,20,43,870,1,2,0,9,1,2,2010
55,87.3.3,05.04.2010,21,39,670,1,2,0,7,1,2,2010
55,87.3.3,05.04.2010,22,36,580,1,2,0,7,1,2,2010
55,87.3.3,05.04.2010,23,36,510,2,2,0,7,1,2,2010
55,87.3.3,05.04.2010,24,37,560,2,2,0,7,1,2,2010
55,87.3.3,05.04.2010,25,45,1030,2,2,0,8,1,2,2010
59,87.3.3,06.04.2010,1,50,1390,1,2,0,9,1,2,2010
59,87.3.3,06.04.2010,2,51,1460,1,2,0,12,1,2,2010
59,87.3.3,06.04.2010,3,53,1470,1,2,0,11,1,2,2010
59,87.3.3,06.04.2010,4,49,1310,1,2,0,8,1,2,2010
59,87.3.3,06.04.2010,5,45,1000,1,2,0,9,1,2,2010
59,87.3.3,06.04.2010,6,47,1250,1,2,0,11,1,2,2010
59,87.3.3,06.04.2010,7,45,1020,1,2,0,9,1,2,2010
59,87.3.3,06.04.2010,8,48,1250,2,2,0,11,1,2,2010
59,87.3.3,06.04.2010,9,49,1400,1,2,0,9,1,2,2010
59,87.3.3,06.04.2010,10,43,1010,2,2,0,9,1,2,2010
59,87.3.3,06.04.2010,11,43,960,2,2,0,9,1,2,2010
59,87.3.3,06.04.2010,12,50,1490,1,2,0,11,1,2,2010
59,87.3.3,06.04.2010,13,44,1050,2,2,0,8,1,2,2010
59,87.3.3,06.04.2010,14,42,830,2,2,0,8,1,2,2010
59,87.3.3,06.04.2010,15,42,910,2,2,0,8,1,2,2010
59,87.3.3,06.04.2010,16,48,1270,1,2,0,9,1,2,2010
59,87.3.3,06.04.2010,17,47,1190,2,2,0,9,1,2,2010
59,87.3.3,06.04.2010,18,38,640,2,2,0,7,1,2,2010
59,87.3.3,06.04.2010,19,40,760,1,2,0,7,1,2,2010
59,87.3.3,06.04.2010,20,37,640,2,2,0,7,1,2,2010
59,87.3.3,06.04.2010,21,36,590,2,2,0,7,1,2,2010
59,87.3.3,06.04.2010,22,39,680,2,2,0,8,1,2,2010
59,87.3.3,06.04.2010,23,36,590,2,2,0,6,1,2,2010
59,87.3.3,06.04.2010,24,41,820,1,2,0,8,1,2,2010
59,87.3.3,06.04.2010,25,41,770,1,2,0,8,1,2,2010
61,87.3.3,07.04.2010,1,50,1280,1,2,0,11,1,2,2010
61,87.3.3,07.04.2010,2,53,1520,1,2,0,12,1,2,2010
61,87.3.3,07.04.2010,3,46,1040,1,2,0,8,1,2,2010
61,87.3.3,07.04.2010,4,47,1120,1,2,0,8,1,2,2010
61,87.3.3,07.04.2010,5,50,1360,1,2,0,11,1,2,2010
61,87.3.3,07.04.2010,6,43,930,1,2,0,8,1,2,2010
61,87.3.3,07.04.2010,7,43,1020,2,2,0,8,1,2,2010
61,87.3.3,07.04.2010,8,49,1360,1,2,0,9,1,2,2010
61,87.3.3,07.04.2010,9,47,1120,1,2,0,9,1,2,2010
61,87.3.3,07.04.2010,10,41,840,2,2,0,8,1,2,2010
61,87.3.3,07.04.2010,11,45,990,2,2,0,9,1,2,2010
61,87.3.3,07.04.2010,12,46,1210,2,2,0,8,1,2,2010
61,87.3.3,07.04.2010,13,39,740,2,2,0,7,1,2,2010
61,87.3.3,07.04.2010,14,40,730,1,2,0,8,1,2,2010
61,87.3.3,07.04.2010,15,41,830,2,2,0,8,1,2,2010
61,87.3.3,07.04.2010,16,35,480,2,2,0,6,1,2,2010
61,87.3.3,07.04.2010,17,36,520,2,2,0,6,1,2,2010
61,87.3.3,07.04.2010,18,36,620,2,2,0,6,1,2,2010
61,87.3.3,07.04.2010,19,45,1110,1,2,0,9,1,2,2010
61,87.3.3,07.04.2010,20,44,990,1,2,0,9,1,2,2010
61,87.3.3,07.04.2010,21,35,570,2,2,0,6,1,2,2010
61,87.3.3,07.04.2010,22,42,860,2,2,0,9,1,2,2010
61,87.3.3,07.04.2010,23,39,650,2,2,0,7,1,2,2010
61,87.3.3,07.04.2010,24,38,650,1,2,0,8,1,2,2010
61,87.3.3,07.04.2010,25,37,590,2,2,0,8,1,2,2010
63,87.3.3,07.04.2010,1,45,1000,1,2,0,8,1,2,2010
63,87.3.3,07.04.2010,2,44,1140,2,2,0,8,1,2,2010
63,87.3.3,07.04.2010,3,51,1560,1,2,0,12,1,2,2010
63,87.3.3,07.04.2010,4,48,1250,1,2,0,8,1,2,2010
63,87.3.3,07.04.2010,5,52,1520,1,2,0,11,1,2,2010
63,87.3.3,07.04.2010,6,41,810,1,2,0,8,1,2,2010
63,87.3.3,07.04.2010,7,42,860,2,2,0,8,1,2,2010
63,87.3.3,07.04.2010,8,50,1370,1,2,0,10,1,2,2010
63,87.3.3,07.04.2010,9,47,1120,1,2,0,10,1,2,2010
63,87.3.3,07.04.2010,10,43,920,2,2,0,8,1,2,2010
63,87.3.3,07.04.2010,11,40,730,2,2,0,8,1,2,2010
63,87.3.3,07.04.2010,12,49,1310,1,2,0,9,1,2,2010
63,87.3.3,07.04.2010,13,40,770,1,2,0,8,1,2,2010
63,87.3.3,07.04.2010,14,49,1420,1,2,0,10,1,2,2010
63,87.3.3,07.04.2010,15,43,910,1,2,0,8,1,2,2010
63,87.3.3,07.04.2010,16,48,1240,1,2,0,10,1,2,2010
63,87.3.3,07.04.2010,17,44,1000,1,2,0,8,1,2,2010
63,87.3.3,07.04.2010,18,39,740,1,2,0,7,1,2,2010
63,87.3.3,07.04.2010,19,37,610,1,2,0,8,1,2,2010
63,87.3.3,07.04.2010,20,47,1230,1,2,0,9,1,2,2010
63,87.3.3,07.04.2010,21,35,520,1,2,0,6,1,2,2010
63,87.3.3,07.04.2010,22,37,570,1,2,0,7,1,2,2010
63,87.3.3,07.04.2010,23,39,790,2,2,0,8,1,2,2010
63,87.3.3,07.04.2010,24,35,530,1,2,0,6,1,2,2010
63,87.3.3,07.04.2010,25,36,550,2,2,0,6,1,2,2010
1,,09.08.2009,1,34,450,2,2,1,6,1,3,2009
1,,09.08.2009,2,34,435,2,2,0,6,1,3,2009
1,,09.08.2009,3,34,425,2,2,0,5,1,3,2009
1,,09.08.2009,4,34,450,2,2,0,6,1,3,2009
1,,09.08.2009,5,34,440,2,2,0,6,1,3,2009
1,,09.08.2009,6,35,500,2,2,0,6,1,3,2009
1,,09.08.2009,7,35,460,2,3,1,6,1,3,2009
1,,09.08.2009,8,35,450,2,2,0,7,1,3,2009
1,,09.08.2009,9,35,470,2,2,0,7,1,3,2009
1,,09.08.2009,10,35,440,2,2,0,7,1,3,2009
1,,09.08.2009,11,36,495,2,2,0,7,1,3,2009
1,,09.08.2009,12,36,500,1,2,0,7,1,3,2009
1,,09.08.2009,13,36,490,2,2,1,7,1,3,2009
1,,09.08.2009,14,36,495,2,2,0,7,1,3,2009
1,,09.08.2009,15,36,555,2,2,0,8,1,3,2009
1,,09.08.2009,16,37,520,1,2,1,8,1,3,2009
1,,09.08.2009,17,37,505,1,2,1,8,1,3,2009
1,,09.08.2009,18,37,590,2,2,0,8,1,3,2009
1,,09.08.2009,19,37,540,1,2,1,8,1,3,2009
1,,09.08.2009,20,37,540,1,2,0,8,1,3,2009
1,,09.08.2009,21,38,590,2,2,0,8,1,3,2009
1,,09.08.2009,22,38,550,2,3,0,8,1,3,2009
1,,09.08.2009,23,38,585,2,2,0,9,1,3,2009
1,,09.08.2009,24,38,540,2,3,1,9,1,3,2009
1,,09.08.2009,25,38,550,1,2,1,10,1,3,2009
1,,09.08.2009,26,38,555,2,2,0,9,1,3,2009
1,,09.08.2009,27,39,700,1,2,0,9,1,3,2009
1,,09.08.2009,28,39,630,2,2,0,8,1,3,2009
1,,09.08.2009,29,39,610,1,2,0,8,1,3,2009
1,,09.08.2009,30,39,610,1,3,1,9,1,3,2009
1,,09.08.2009,31,39,705,2,3,1,9,1,3,2009
1,,09.08.2009,32,40,650,1,2,0,9,1,3,2009
1,,09.08.2009,33,40,685,1,2,0,8,1,3,2009
1,,09.08.2009,34,40,690,2,2,1,8,1,3,2009
1,,09.08.2009,35,40,690,2,2,0,10,1,3,2009
1,,09.08.2009,36,41,715,1,2,1,9,1,3,2009
1,,09.08.2009,37,41,710,2,2,0,10,1,3,2009
1,,09.08.2009,38,41,680,1,2,0,10,1,3,2009
1,,09.08.2009,39,42,760,1,2,1,9,1,3,2009
1,,09.08.2009,40,42,755,1,2,0,9,1,3,2009
1,,09.08.2009,41,43,745,1,2,0,11,1,3,2009
1,,09.08.2009,42,43,755,1,3,0,9,1,3,2009
1,,09.08.2009,43,43,855,1,2,0,9,1,3,2009
1,,09.08.2009,44,43,865,1,2,0,10,1,3,2009
1,,09.08.2009,45,43,820,1,3,0,10,1,3,2009
1,,09.08.2009,46,44,870,1,2,1,10,1,3,2009
1,,09.08.2009,47,45,855,1,2,0,11,1,3,2009
1,,09.08.2009,48,47,1000,1,3,1,12,1,3,2009
1,,09.08.2009,49,47,1095,1,2,2,12,1,3,2009
4,,10.08.2009,50,34,445,2,2,0,6,1,3,2009
4,,10.08.2009,51,34,415,2,2,0,6,1,3,2009
4,,10.08.2009,52,35,445,2,2,1,7,1,3,2009
4,,10.08.2009,53,35,455,2,2,1,7,1,3,2009
4,,10.08.2009,54,36,470,2,2,0,6,1,3,2009
4,,10.08.2009,55,36,495,2,2,1,7,1,3,2009
4,,10.08.2009,56,37,515,1,8,1,7,1,3,2009
4,,10.08.2009,57,37,480,1,2,0,7,1,3,2009
4,,10.08.2009,58,38,605,2,2,1,8,1,3,2009
4,,10.08.2009,59,38,575,2,2,0,8,1,3,2009
4,,10.08.2009,60,39,590,1,2,0,8,1,3,2009
4,,10.08.2009,61,39,640,2,2,0,8,1,3,2009
4,,10.08.2009,62,40,680,1,2,0,8,1,3,2009
4,,10.08.2009,63,40,620,2,2,1,9,1,3,2009
4,,10.08.2009,64,41,725,2,2,0,9,1,3,2009
4,,10.08.2009,65,41,710,2,2,0,8,1,3,2009
4,,10.08.2009,66,42,760,1,2,0,9,1,3,2009
4,,10.08.2009,67,42,750,2,2,0,9,1,3,2009
4,,10.08.2009,68,43,880,1,2,0,10,1,3,2009
4,,10.08.2009,69,43,855,1,2,0,9,1,3,2009
4,,10.08.2009,70,44,840,1,2,0,9,1,3,2009
4,,10.08.2009,71,44,905,1,2,0,9,1,3,2009
4,,10.08.2009,72,45,955,2,2,0,11,1,3,2009
4,,10.08.2009,73,46,925,1,2,0,12,1,3,2009
4,,10.08.2009,74,46,995,1,2,0,10,1,3,2009
4,,10.08.2009,75,47,965,2,2,1,11,1,3,2009
4,,10.08.2009,76,47,1055,2,3,0,12,1,3,2009
4,,10.08.2009,77,49,1200,1,2,1,11,1,3,2009
4,,10.08.2009,78,49,1305,2,2,1,11,1,3,2009
4,,10.08.2009,79,51,1295,1,2,0,12,1,3,2009
7,,11.08.2009,80,33,390,2,2,0,6,1,3,2009
7,,11.08.2009,81,33,480,2,2,0,6,1,3,2009
7,,11.08.2009,82,34,450,2,2,0,7,1,3,2009
7,,11.08.2009,83,34,455,2,2,0,7,1,3,2009
7,,11.08.2009,84,35,465,1,8,1,7,1,3,2009
7,,11.08.2009,85,35,445,2,2,0,7,1,3,2009
7,,11.08.2009,86,36,495,2,2,1,7,1,3,2009
7,,11.08.2009,87,36,530,2,2,0,7,1,3,2009
7,,11.08.2009,88,37,535,1,2,0,7,1,3,2009
7,,11.08.2009,89,37,550,2,2,0,8,1,3,2009
7,,11.08.2009,90,38,620,2,2,0,7,1,3,2009
7,,11.08.2009,91,38,560,2,2,1,8,1,3,2009
7,,11.08.2009,92,39,585,1,2,0,7,1,3,2009
7,,11.08.2009,93,39,575,1,2,1,8,1,3,2009
7,,11.08.2009,94,40,670,1,4,0,8,1,3,2009
7,,11.08.2009,95,40,680,1,2,1,8,1,3,2009
7,,11.08.2009,96,41,705,1,2,0,9,1,3,2009
7,,11.08.2009,97,42,750,1,2,1,9,1,3,2009
7,,11.08.2009,98,42,675,1,2,0,8,1,3,2009
7,,11.08.2009,99,43,810,1,4,0,10,1,3,2009
7,,11.08.2009,100,43,850,1,4,0,10,1,3,2009
7,,11.08.2009,101,46,1040,1,2,0,10,1,3,2009
7,,11.08.2009,102,48,1125,1,4,0,12,1,3,2009
7,,11.08.2009,103,48,1055,1,2,2,11,1,3,2009
7,,11.08.2009,104,52,1245,1,4,0,13,1,3,2009
8,,12.08.2009,105,33,370,2,2,0,5,1,3,2009
8,,12.08.2009,106,40,630,1,4,1,8,1,3,2009
8,,12.08.2009,107,40,695,2,2,2,8,1,3,2009
8,,12.08.2009,108,41,665,2,2,0,8,1,3,2009
8,,12.08.2009,109,41,680,1,4,1,8,1,3,2009
8,,12.08.2009,110,42,715,1,2,0,9,1,3,2009
8,,12.08.2009,111,43,720,2,2,1,8,1,3,2009
8,,12.08.2009,112,43,800,2,2,0,9,1,3,2009
8,,12.08.2009,113,44,845,2,2,0,9,1,3,2009
8,,12.08.2009,114,44,885,1,4,0,10,1,3,2009
8,,12.08.2009,115,46,895,1,4,1,11,1,3,2009
8,,12.08.2009,116,48,1095,1,4,1,11,1,3,2009
8,,12.08.2009,117,48,1035,1,4,0,12,1,3,2009
8,,12.08.2009,118,53,1435,2,2,1,13,1,3,2009
11,,15.08.2009,119,34,420,2,2,0,6,1,3,2009
11,,15.08.2009,120,35,475,2,2,1,7,1,3,2009
11,,15.08.2009,121,36,475,2,2,0,8,1,3,2009
11,,15.08.2009,122,37,510,1,2,0,7,1,3,2009
11,,15.08.2009,123,38,575,2,2,1,8,1,3,2009
11,,15.08.2009,124,39,630,2,3,0,8,1,3,2009
11,,15.08.2009,125,40,625,1,4,0,8,1,3,2009
11,,15.08.2009,126,41,760,2,2,0,8,1,3,2009
11,,15.08.2009,127,42,765,2,3,1,8,1,3,2009
11,,15.08.2009,128,43,580,1,4,1,9,1,3,2009
11,,15.08.2009,129,44,845,1,4,1,9,1,3,2009
11,,15.08.2009,130,44,965,1,4,0,8,1,3,2009
11,,15.08.2009,131,45,1050,2,3,0,9,1,3,2009
11,,15.08.2009,132,45,915,1,4,0,10,1,3,2009
12,,15.08.2009,133,24,150,2,2,0,4,1,3,2009
12,,15.08.2009,134,41,695,2,2,1,8,1,3,2009
12,,15.08.2009,135,44,825,2,2,1,9,1,3,2009
12,,15.08.2009,136,44,860,1,4,0,10,1,3,2009
12,,15.08.2009,137,45,915,1,4,1,10,1,3,2009
12,,15.08.2009,138,46,1015,1,4,1,10,1,3,2009
13,,16.08.2009,139,42,760,2,2,0,8,1,3,2009
13,,16.08.2009,140,42,725,2,2,0,8,1,3,2009
13,,16.08.2009,141,44,895,1,3,0,9,1,3,2009
14,,17.08.2009,142,45,905,1,2,1,9,1,3,2009
14,,17.08.2009,143,47,980,1,4,1,10,1,3,2009
14,,17.08.2009,144,52,1300,1,2,0,11,1,3,2009
16,,.17.08.2009,145,33,415,2,2,1,6,1,3,2009
16,,.17.08.2009,146,45,910,1,4,0,8,1,3,2009
16,,.17.08.2009,147,45,970,1,4,1,10,1,3,2009
16,,.17.08.2009,148,45,915,1,4,1,10,1,3,2009
16,,.17.08.2009,149,46,920,1,2,0,9,1,3,2009
16,,.17.08.2009,150,47,990,1,4,1,9,1,3,2009
16,,.17.08.2009,151,50,1080,1,4,0,11,1,3,2009
19,,18.08.2009,152,33,400,2,2,1,6,1,3,2009
19,,18.08.2009,153,33,420,2,2,0,6,1,3,2009
21,,20.08.2009,154,33,390,2,2,1,6,1,3,2009
21,,20.08.2009,155,33,385,2,2,0,7,1,3,2009
23,,22.08.2009,156,46,1025,1,2,1,9,1,3,2009
23,,22.08.2009,157,46,1050,2,3,2,8,1,3,2009
26,,23.08.2009,158,33,375,1,2,1,6,1,3,2009
26,,23.08.2009,159,33,395,1,2,1,7,1,3,2009
26,,23.08.2009,160,45,965,1,4,2,8,1,3,2009
26,,23.08.2009,161,46,970,1,3,1,8,1,3,2009
30,,26.08.2009,162,47,980,1,3,1,10,1,3,2009
30,,26.08.2009,163,47,1030,1,4,1,10,1,3,2009
31,,27.08.2009,164,47,1115,1,3,1,11,1,3,2009
31,,27.08.2009,165,48,1110,1,4,1,10,1,3,2009
37,,28.08.2009,166,46,1020,1,3,1,9,1,3,2009
38,,29.08.2009,167,49,1175,1,4,1,10,1,3,2009
52,,03.09.2009,168,48,1160,2,4,1,10,1,3,2009
