5	6	7	8	9	10	11	12	13	14	15	16	17	18	19	20	21	22	23	24	25	26	27	28	29	30	31	32	33	34	35	36	37	38	39	40	41	42	43	44	45	46	47	48	49	50	51	52	53	54	55	56	57	58	59	60	61	62	63	64	65	66	67	68	69	70	71	72	73	74	75	76	77	78	79	80	81	82	83	84	85	86	87	88	89	90
0	0	0	0	0	0	0	0	0	0	0	24.08707177	133.8821589	353.5242392	1070.238025	1764.65683	1924.037411	2150.489873	3697.327242	4761.301372	4287.612958	2516.81013	695.3199549	530.4541868	742.1355734	799.987067	838.3203983	1036.766108	1149.204224	1232.246128	1444.093539	1400.231951	1201.047903	928.6985129	1017.904433	1070.377421	1036.752558	840.3502277	759.3711923	639.08426	489.7106953	446.3123871	380.7470739	349.5522088	386.5836599	303.1808	315.9336844	339.2859033	260.6549711	253.4232786	261.9304857	206.305057	81.66718993	40.67245301	22.15587101	12.19417478	9.88450091	9.873874314	8.577491117	13.94485434	41.44289648	34.96847608	3.317203192	0.000453549	0	0.024404289	0.001850998	0	0	0	0	0	0	0	0	0	0	0	0	0	0	0	0	0	0	0
0	0	0	0	0	0	0	0	0	0	0	0	0	0	0	0	0	2.839917579	10.16736846	46.0068826	122.4871985	575.1051756	1490.752411	4983.501962	8747.861206	8495.301592	6752.85829	3654.517322	3286.663497	2463.330158	1946.363591	2288.400439	2765.062293	3300.911251	3670.112136	3995.59889	3210.498477	2461.241047	1924.231732	1461.039805	1571.016666	1318.721707	991.3820194	803.2533116	710.5860061	540.326233	503.8821818	403.9080462	446.5186249	354.3346394	306.9225828	225.0562713	99.22165947	40.33439736	33.52786795	9.525749362	8.920782604	8.63237008	12.71945801	1.639322309	2.352824805	1.293962012	0.874736252	0.707083503	0.399998789	0.053070285	0	0	0	0	0	0	0	0	0	0	0	0	0	0	0	0	0	0	0	0
0	0	0	0	0	0	0	0	0	0	0	0	0	0	0	0.056926678	0.304808986	3.438926381	17.67059593	15.84324995	3.182948366	23.66981003	1234.134567	17637.85855	48778.51827	61251.61977	45565.00547	29926.91629	18691.92695	8561.467679	6606.664857	4584.496713	2530.633864	4040.353313	3307.261005	1942.146463	1210.264218	1612.036713	1870.043262	1537.616035	1120.380161	922.9448933	459.7667927	880.5859859	799.7726647	1166.189282	1321.514738	1688.974236	1627.88083	1396.224669	1870.682791	2287.121275	955.2803623	329.4785299	289.9915884	306.8328129	257.9969673	190.8977288	67.63507956	36.32985314	24.88892273	21.57402914	10.65980327	4.098695829	5.909860087	0.874832634	11.30148574	20.3269746	0	0	0	0	0	0	0	0	0	0	0	0	0	0	0	0	0	0
0	0	0	0	0	0	0	0	0	0	0.284778029	11.26704325	55.06956377	65.75401492	76.54397256	70.97552663	35.55172585	47.27853246	79.78598945	308.2004359	887.3622294	882.9687282	746.1965275	1998.195366	2932.935216	4095.437324	6834.019593	10655.55096	12495.70649	11652.64815	8805.278376	5838.340719	3173.927405	1669.565409	423.6393592	149.8236624	48.30271073	36.19033079	6.668847237	73.62569379	57.62526708	127.2792859	492.9348601	206.0861546	487.6537802	608.1405745	533.1951863	532.7397796	484.0807871	457.4706764	442.8752252	469.680212	233.2414342	250.1572652	71.02818814	120.3609591	77.14805113	49.64584497	16.95622168	38.24291894	0	0	0	0	0	0	0	0	0	0	0	0	0	0	0	0	0	0	0	0	0	0	0	0	0	0
0	0	0	8.97830494	22.25058181	0	0	0	0	0	0	33.34112612	53.08202153	166.4010704	91.83772643	172.7463107	174.7303059	109.1435135	88.788491	196.6589327	349.6816475	641.0224069	1441.724927	2613.749809	3208.185965	3359.210512	4430.349974	7622.093243	10706.76339	11308.81313	9354.682384	6446.171021	5629.473758	5305.563105	4490.733764	4024.690735	3100.699769	2596.668484	2221.137119	1835.74824	1792.900342	1642.673737	1559.447672	1223.947628	1178.774612	532.1970755	674.7716896	513.2180394	321.5360251	365.4482056	90.71603449	68.23624596	24.89872368	7.670878522	2.300462259	0.47772134	2.261816119	1.136731119	0.809206851	0	0	0	0	0	0	0	0	0	0	0	0	0	0	0	0	0	0	0	0	0	0	0	0	0	0	0
0	0.003269811	0.027723659	0	0	47.86430627	54.08309792	1430.904554	765.4186294	0	450.3600183	965.4871558	803.1746069	2212.305393	6852.217438	19647.09902	33963.22232	34384.26934	22340.41172	26911.63075	48671.36983	150376.3676	240659.8939	179489.4014	105349.7849	111074.212	102838.0205	97121.71321	84421.42224	62463.85603	44340.35038	32996.01954	33765.40618	39455.82649	22532.6585	18239.62202	11625.3501	12241.8415	9732.581787	7689.055711	6724.528284	5720.811619	3923.386259	2753.144624	1815.210262	1669.790037	1940.162899	1636.489035	1038.282582	769.7251167	785.3846264	593.3841081	251.5636475	123.7843457	87.32141409	35.49844615	62.97968503	51.51997411	0.11652081	0.189455364	0	0	0	0	0	0	0	0	0	0	0	0	0	0	0	0	0	0	0	0	0	0	0	0	0	0
0	0	0	0	0	0	0	0	0	0	0	0	0	0	149.4973985	475.3225988	459.7642675	2411.00076	5418.315418	17991.35697	61948.66603	220222.4157	400617.783	242840.1323	113846.0933	59688.22536	42174.07377	42037.26597	48313.07934	47704.24811	38856.0246	26166.90238	14363.67721	10345.62497	11385.62108	10227.41967	7094.239212	6015.43928	4030.294684	2344.019673	1929.279795	1229.813651	1007.674302	812.5517988	517.6325895	290.220132	171.6740178	98.06288947	72.58711962	83.35348508	23.50868098	14.97932124	2.422148498	0.275353995	0.892631602	2.241442586	0	0	0	0	0	0	0	0	0	0	0	0	0	0	0	0	0	0	0	0	0	0	0	0	0	0	0	0	0	0
0	0	0	0	0	0	0	0	0	0	0	3752.394215	12908.72687	5617.626783	857.025397	135.4106039	303.2934526	243.1110182	3197.299328	7966.361028	17449.8737	21728.80231	30538.52074	45641.57814	51712.33122	41220.00589	32042.55742	23576.92371	19519.19418	15797.57315	15439.94032	15786.00978	16252.08598	14955.692	10664.45007	8432.247608	7881.737698	4282.5581	2651.481997	2790.808089	2096.947194	1473.919453	1771.248024	1435.767154	1394.973646	486.478547	572.4061706	794.5027019	424.2325196	4.883590229	1.276911004	0.580755467	0.084018789	0	0	0	0	0	0	0	0	0	0	0	0	0	0	0	0	0	0	0	0	0	0	0	0	0	0	0	0	0	0	0	0	0
0	0	40.9433368	510.6407782	1982.532653	2084.782139	313.3515398	181.1071901	2034.868397	4203.077935	12707.96356	6957.737352	6620.559206	1228.972925	1019.497417	3430.209976	5555.279112	5951.126122	2965.920285	2120.908953	2476.073617	7232.900708	16902.28089	20072.30542	39021.9392	56008.62138	56688.08214	36531.32582	29567.24298	23240.39711	16678.23181	11560.94436	4646.969228	2622.303175	2948.036961	2446.517742	3197.394329	2893.667587	2469.630374	2075.437899	1499.869524	854.5481791	489.9796621	411.4006384	346.9115481	327.1549842	175.445374	107.1224755	12.23302152	4.708664814	3.527416076	1.205625319	0	0	0	0	0	0	0	0	0	0	0	0	0	0	0	0	0	0	0	0	0	0	0	0	0	0	0	0	0	0	0	0	0	0
0	0	0	0	0	0	0	0	0	0	0	0	0	4.441728679	31.82686174	100.1857416	484.4914248	2413.10622	3701.947188	3247.814048	4172.987435	6029.513746	10302.4949	11572.22689	11370.87668	13749.17747	11561.79914	8808.811777	6897.838911	5148.86361	4628.885962	3872.880767	3023.693448	2139.032923	1131.918462	558.830423	507.2477881	522.1016293	302.2196723	186.3531055	117.7135177	290.3713522	144.2542621	74.58168291	93.05334188	61.27851	45.42712734	34.96818267	22.11301057	8.456683258	1.330726491	0.260138581	0.038920512	0.877390001	0.169164364	1.019146016	0	0	0	0	0	0	0	0	0	0	0	0	0	0	0	0	0	0	0	0	0	0	0	0	0	0	0	0	0	0
0	0	0	0	0	44.34397088	50.69816746	101.730696	349.5103497	994.3660107	1280.475008	4315.495187	5529.640287	7118.08986	6443.187788	1637.159111	722.1907563	345.5519419	286.8394287	486.8801095	973.3326212	2745.906472	11459.75203	28758.12551	32648.78573	21720.23132	12519.98328	9148.624478	6808.372189	4906.5722	3752.747902	3413.311395	2429.441484	1392.677911	1088.766965	794.680456	698.4631218	678.2315337	618.2889504	488.4486029	385.785529	317.3941396	263.5801531	213.9373553	132.3959767	78.86133759	51.90113344	24.24897639	8.708065406	2.6102095	0.246590935	0.304776786	0.060195272	0	0	0	0	0	0	0	0	0	0	0	0	0	0	0	0	0	0	0	0	0	0	0	0	0	0	0	0	0	0	0	0	0
0	0	0	0	0	0	0	0	0	0	0	0	0	0.271463776	1.499579645	61.88935085	193.5086143	1247.464109	2490.502856	3437.759303	7062.194939	8556.809527	8464.324982	12590.82394	27437.06509	40022.22487	39888.44195	32154.85369	24640.48843	18366.73508	11132.61372	6134.311971	2203.84331	1272.562644	916.7859139	374.8896076	221.5393423	164.0924861	85.72671159	86.50313066	99.23530737	84.65104396	51.11462541	60.14035781	16.97818687	8.929113525	9.062539526	4.522903372	0.347787038	1.676344422	1.27025931	0	0	0	0	0	0	0	0	0	0	0	0	0	0	0	0	0	0	0	0	0	0	0	0	0	0	0	0	0	0	0	0	0	0	0
0	0	0	0	0	0	0	0	100.5928652	938.257088	2059.207077	970.5009963	266.7573758	0	0.033155089	338.9596138	1349.697448	3758.790888	9483.56075	15685.3155	29622.29544	39865.1192	46316.59764	37376.21217	58585.19002	64501.97506	56746.57959	49222.78256	36266.42229	25533.64589	17557.31177	11531.30448	7062.803945	4554.46635	4141.021062	5250.3317	4082.475176	3259.108568	3633.902525	2789.228465	1517.54559	534.9709902	321.8576908	136.9796486	82.55083501	93.34866773	31.15385166	100.4408647	14.42202202	8.743776616	4.219613555	0	0	0	0	0	0	0	0	0	0	0	0	0	0	0	0	0	0	0	0	0	0	0	0	0	0	0	0	0	0	0	0	0	0	0
0	0	0	0	0	0	0	0	0	0	0	0	0	0	0	0	87.74613622	261.642836	370.5872949	870.2888124	3501.620914	6203.737294	16403.23791	20121.05037	20050.45547	21832.33507	19313.2359	15032.59944	11309.6238	9907.072246	8708.21649	7990.842165	6911.209747	5654.290845	4010.432147	3328.111324	2827.403668	2655.062029	2027.34462	1708.981476	1340.619735	1029.415553	680.5919141	416.7026854	279.7967227	215.5376119	117.236081	40.42491716	42.81512254	37.58099976	41.61967154	27.87290577	6.290347878	0	0	0	0	0	0	0	0	0	0	0	0	0	0	0	0	0	0	0	0	0	0	0	0	0	0	0	0	0	0	0	0	0
0	0	0	0	0	0	0	0	0	0	4.663369963	2191.19768	4541.673954	7576.560029	9583.754989	9903.357774	7524.52896	5982.168229	4950.954039	3862.940464	2190.538816	890.0532459	609.54442	508.2159426	742.4148731	1689.090893	4144.797445	7262.694341	10541.62728	11332.99652	10772.97778	8207.242474	4939.345364	3233.985313	2268.691337	1779.768476	1292.12021	1140.464763	942.0503176	712.4559566	613.7973262	572.1629281	513.7700241	395.2566695	312.3381511	189.5401259	156.1126975	126.8158078	77.3076159	51.76108377	32.11159628	10.91001464	7.308167413	3.121888646	0.385796864	0	0	0	0	0	0	0	0	0	0	0	0	0	0	0	0	0	0	0	0	0	0	0	0	0	0	0	0	0	0	0
0	0	0	0	0	0	0	0	0	1707.043377	10649.59315	15539.74961	8858.234249	3273.022268	2653.790777	6289.642784	9030.532574	12003.91466	20043.88072	26224.50962	25574.5688	23152.6897	16712.02893	7738.681995	6104.168327	4477.964235	3029.204729	2926.753429	2581.696679	2253.106208	2315.738004	1555.31822	1149.974563	986.0392921	709.4992001	422.9114617	199.5973607	128.4117138	60.69086567	21.34166749	23.36179552	29.56663008	42.56533154	59.74580329	55.32021743	30.1103152	14.18080743	8.193946324	3.175771501	0.781913438	0	0.830031188	0.725383157	0.098193561	0	0	0	0	0	0	0	0	0	0	0	0	0	0	0	0	0	0	0	0	0	0	0	0	0	0	0	0	0	0	0	0
0	0	0	0	0	0	0	0	0	0	0	0.163746103	19.48168904	98.7554521	119.4826527	284.0162184	1207.141091	6473.461042	28459.93323	70501.67065	93308.28679	81856.86946	58294.8313	37560.63347	22842.52988	13524.64198	8313.495329	6259.368579	4803.27231	4117.565556	3377.826102	2717.110392	2085.109654	2335.40139	2202.821114	2191.60831	2078.092546	1780.68919	1410.268649	993.564977	650.3068511	351.3573586	263.2623684	213.4979533	142.2960697	132.3836212	155.0586318	104.1024989	56.86520612	44.06776577	16.79995643	6.784931951	3.980155648	1.848041568	0.591440732	0.025378545	0	0	0	0	0	0	0	0	0	0	0	0	0	0	0	0	0	0	0	0	0	0	0	0	0	0	0	0	0	0
0	0	0	0	0	0	0	0	0	0	0	0	0	46.64363933	755.706549	1503.604607	837.3896399	1089.757207	1165.076801	3665.318584	13469.73883	22322.93555	42916.33151	52007.1245	47039.07344	41584.25556	34667.86815	29677.85462	25763.65281	21387.54131	16238.02702	11261.72206	6663.745349	5319.691961	3071.63846	1840.087811	1518.666423	1041.597031	902.6513008	703.0875231	452.0762803	397.276074	264.1134321	79.36796289	119.7617392	23.66475147	13.99167806	7.696352237	0.392329296	0	0.31258982	0.24115654	0	0	0	0	0	0	0	0	0	0	0	0	0	0	0	0	0	0	0	0	0	0	0	0	0	0	0	0	0	0	0	0	0	0
0	0	0	0	0	0	0	0	0	0	0	0	0.601243457	151.6902831	919.627458	2201.298205	4371.542984	7031.217636	5831.357569	3130.099184	1795.40839	2202.272703	6423.032655	29878.30717	55018.92395	67837.86875	56047.97076	44065.65615	41874.92279	40323.58626	34141.62464	27453.66762	21039.53458	12980.24023	10702.74194	6052.611554	3312.024551	1906.2611	1210.656593	649.0422015	379.5232641	177.7158679	192.6104707	215.0959001	228.5839558	292.3519815	465.547209	583.0701236	442.3146229	329.8653846	149.6307611	47.57399302	14.6039327	2.302055808	9.671376756	0.744753299	0	0	0	0	0	0	0	0	0	0	0	0	0	0	0	0	0	0	0	0	0	0	0	0	0	0	0	0	0	0
0	0	0	0	0	0	0	0	0	21.527313	23.89799248	65.6295392	99.67521828	1155.064611	2563.749077	1507.481323	2450.485396	3483.235508	4608.721548	8767.485526	14643.17588	15216.0897	19033.0059	21895.78586	37014.35306	50749.83871	50942.53837	39878.2718	34785.86692	29100.98562	22052.62407	17063.90778	11006.44655	3938.161446	2319.520711	1829.074099	1318.137403	201.1261653	56.85459253	11.95693877	5.773720836	6.198372832	72.21780545	25.87446695	12.07710307	19.10855072	16.3761433	12.34376246	15.69275262	19.03963791	4.287723875	1.249664667	0	2.121900875	2.764171767	0.181153328	0	0	0	0	0	0	0	0	0	0	0	0	0	0	0	0	0	0	0	0	0	0	0	0	0	0	0	0	0	0
0	0	0	0	0	0	0	0	0	0	0	0	0	0	24.87923297	299.3161023	1412.118749	2511.304402	6254.118015	9919.536674	5080.566712	3926.317843	7688.789548	14450.34513	14420.38594	18313.80334	24422.7446	30080.70654	26758.33621	20270.45364	15554.78789	12877.5569	8722.399932	6354.06151	6443.211115	4470.866855	2540.495447	1282.34449	667.1690023	374.0640251	353.6764121	315.399831	296.8587761	217.9994356	428.4407779	751.3789288	743.9352849	572.334664	209.4943801	80.58161995	57.25219458	34.11672322	5.995998472	0.932000236	0.180835867	0	0	0	0	0	0	0	0	0	0	0	0	0	0	0	0	0	0	0	0	0	0	0	0	0	0	0	0	0	0	0
0	0	0	0	0	0	0	0	0	0	0	0	2.655867039	52.76601914	658.6581417	6040.501556	62712.51555	77234.20644	48134.05542	71199.74575	54316.28101	60185.17577	53224.73312	26391.70799	21963.38091	26381.86644	24892.54013	24178.04856	19315.10032	11187.72294	5100.624999	2751.484911	1499.117353	1387.072861	464.5411221	255.6894378	239.7794383	125.8813205	0	0	0	0	0	0	0	0	0	0	0	0	0	0	0	0	0	0	0	0	0	0	0	0	0	0	0	0	0	0	0	0	0	0	0	0	0	0	0	0	0	0	0	0	0	0	0	0
0	0	0	0	0	0	0	0	0	0	0	79.17315011	217.9822501	313.6344005	429.8533236	1042.122299	3135.9256	5577.59541	6922.140422	8503.433906	16455.93101	34703.96987	32445.89879	35991.36063	75813.78635	87974.62095	64192.21967	40255.14747	26861.84674	18537.01783	13492.4948	9830.127185	8082.310741	6281.939371	4841.196821	4151.622528	5156.031504	3686.430488	2484.782062	3195.40554	3183.779932	2021.183521	1308.036513	1170.023268	1357.743984	2067.651735	2202.979282	1919.205448	1304.909803	1102.732177	1031.134632	733.5563431	201.0519893	42.64557738	28.82487536	31.66197864	0	0	0	0	0	0	0	0	0	0	0	0	0	0	0	0	0	0	0	0	0	0	0	0	0	0	0	0	0	0
0	0	0	0	0	0	0	350.420373	6375.767692	34334.23175	31656.97179	9144.407613	1144.14315	4468.183081	13537.41668	25792.23397	28875.23576	28926.52834	36470.04448	46891.43882	59585.37616	92861.1992	113811.4298	134156.4617	169962.8952	188584.0476	142653.8801	80822.96198	42749.12593	23990.18306	15469.4536	11136.81309	8052.515119	5785.445451	4561.216215	2902.635282	1930.109901	1464.222091	1011.052674	800.9160842	713.3284702	457.6731311	225.7476764	215.892507	70.53186042	133.7292139	111.5237641	303.6453287	540.6392582	496.8457287	377.7869629	268.8936601	216.9272761	57.51656883	10.75641541	7.612337064	0	0	0	0	0	0	0	0	0	0	0	0	0	0	0	0	0	0	0	0	0	0	0	0	0	0	0	0	0	0
141.4664396	13043.55089	34099.16685	21489.62327	3524.708112	3524.708112	3524.708112	8235.981502	12976.62522	17369.89395	36446.43234	28076.68674	7760.403813	6271.43478	20560.78765	46291.26112	115265.4116	194682.9311	223980.0765	200952.3646	144729.2487	127570.7043	136940.7157	173565.5715	165508.5885	122498.2212	99370.61943	66524.21078	36912.96939	16606.10845	7159.704272	3588.811352	1943.899365	597.9487524	431.9398896	299.8245192	161.1054624	81.83471171	25.14592865	26.62528049	12.22627476	2.027223059	1.147094114	0.219958401	0.933990284	0.028168602	0.229078907	0	0	0	0	0	0	0	0	0	0	0	0	0	0	0	0	0	0	0	0	0	0	0	0	0	0	0	0	0	0	0	0	0	0	0	0	0	0	0
0	0	0	0	0	0	0	0	0	111.2805313	145.6593397	10.08000014	0	7.651956358	400.334476	3446.967437	10186.01471	25551.7194	77634.69683	215986.5127	275737.1612	171846.3275	136748.7156	259419.7356	429496.5354	477031.8261	269490.1935	92553.45345	45963.02934	20857.1926	6711.145524	2146.60487	1179.16472	904.1984645	234.6049586	340.0714404	112.6209389	113.5504011	140.5316906	12.66758796	0	17.90272384	6.111660923	0	0	0	0	0	0	0	0	0	0	0	0	0	0	0	0	0	0	0	0	0	0	0	0	0	0	0	0	0	0	0	0	0	0	0	0	0	0	0	0	0	0	0
0	0	0	0	0	1.392219379	24.98716418	267.8356667	3462.011129	13611.46898	9835.361446	5200.909361	26186.12736	87549.3056	109149.3535	87487.59977	88483.37595	143276.5858	329208.5557	478667.2263	369571.466	193059.0051	99352.52734	55762.60926	32938.93391	26788.69613	24338.79599	17496.34854	7892.751426	4059.524581	2076.26804	1181.413984	678.7145733	642.1126383	238.0843265	194.3630017	182.2393534	179.8319493	181.289285	102.2633718	83.5748869	25.87274557	8.29578521	5.097979037	2.807239861	3.859611374	0.52877156	0.346180595	0.84140292	0.281160397	0.31263136	6.992438484	3.674897113	0	0	0	0	0	0	0	0	0	0	0	0	0	0	0	0	0	0	0	0	0	0	0	0	0	0	0	0	0	0	0	0	0
0	0	0	0	0	0	0	0	21.41441487	370.2345915	2972.133836	3312.484152	5175.283501	17990.87591	34634.54215	49067.93485	69010.37494	99515.61133	112270.4608	118104.4126	113169.4998	125631.9286	97238.29956	46216.49905	21713.35678	14445.67353	7902.820797	4940.4896	3933.314908	2663.318234	1908.848923	2636.649033	1682.113146	729.093326	1093.77512	797.459784	507.5433393	459.4359911	286.7991886	310.3567833	177.1494179	75.68506986	0	143.5338709	115.8498124	0	0	0	0	0	0	0	0	0	0	0	0	0	0	0	0	0	0	0	0	0	0	0	0	0	0	0	0	0	0	0	0	0	0	0	0	0	0	0	0	0
0	0	0	0	0	0	19.88380135	131.1514961	456.9194672	550.9817317	443.4566615	405.7862711	5343.95504	32033.32851	83685.265	126945.9928	164282.1249	142435.9064	116566.8153	144664.5321	167515.7006	141187.9152	167334.7703	154155.4421	90572.73553	34821.68889	9730.666758	1942.438151	378.344867	167.8293432	91.98927486	145.4571709	250.3278056	131.1527478	94.35914043	24.54550004	9.360869094	3.597981325	1.689232502	1.522371103	0.777139291	0.595817752	0.312222762	0.037940113	0.012878754	0.708679536	0.206640186	0	0	0	0	0	0	0	0	0	0	0	0	0	0	0	0	0	0	0	0	0	0	0	0	0	0	0	0	0	0	0	0	0	0	0	0	0	0	0
0	0	0	54.99489294	136.2916912	89.80905125	208.6936633	4570.505998	6718.155557	4371.885623	1934.03832	1622.923051	2181.504722	2139.832494	4728.687124	20492.74694	61195.38013	153720.0562	298060.7437	436289.9752	519145.5413	626854.7648	653676.5562	406133.6541	191205.9665	56964.43257	14647.9766	3874.48354	488.018022	125.6602985	188.6376842	52.5164024	0	0	0	0	0	0	0	0	0	0	0	0	0	0	0	0	0	0	0	0	0	0	0	0	0	0	0	0	0	0	0	0	0	0	0	0	0	0	0	0	0	0	0	0	0	0	0	0	0	0	0	0	0	0
0	0	0	0	3.764141379	10.84987647	10.84987647	153.3900043	293.8516498	182.0213465	113.4662379	87.53340978	35.04364047	134.5841727	763.5244536	2496.329273	7236.934199	15244.20146	18957.51832	15612.35854	11212.8669	18127.08697	54592.02906	101469.2523	108745.3297	93429.65541	57871.23881	24086.44432	8198.978793	3665.705632	1638.816664	502.594954	122.2338005	7.139744366	0.019828651	0	0	0	0	0	0	0	0	0	0	0	0	0	0	0	0	0	0	0	0	0	0	0	0	0	0	0	0	0	0	0	0	0	0	0	0	0	0	0	0	0	0	0	0	0	0	0	0	0	0	0
0	0	0	0	0	0	0	0	0.623118145	10.40276687	353.9871536	1846.71134	4525.820885	10342.29851	16527.20756	30908.95959	55569.87392	73751.61633	66039.23592	53769.01532	58749.85527	81598.57781	91529.5083	65841.07151	45400.73566	37242.95445	32653.36014	36807.36249	43457.85001	35446.59288	20532.98789	9243.403283	3631.334101	934.8286475	127.4666753	48.9924554	23.39492968	4.752670753	0	0	0	0	0	0	0	0	0	0	0	0	0	0	0	0	0	0	0	0	0	0	0	0	0	0	0	0	0	0	0	0	0	0	0	0	0	0	0	0	0	0	0	0	0	0	0	0
0	0	0	0	0	0	0	0	0	0	0	0.449676301	52.73882322	545.1268394	1267.110554	961.6512043	1367.480077	2590.77329	2569.538324	2516.395236	5657.608482	14083.07999	30316.49777	39782.90264	42320.89762	52260.11662	63559.81824	60295.91936	45660.64161	36343.01897	31823.15509	22302.98699	12333.69764	6399.502433	2977.720619	1218.215812	544.5288552	152.5647247	46.18061154	23.5868358	3.909969464	0	0	0	0	0	0	0	0	0	0	0	0	0	0	0	0	0	0	0	0	0	0	0	0	0	0	0	0	0	0	0	0	0	0	0	0	0	0	0	0	0	0	0	0	0
0	0	0	2.066995489	5.122554037	0	4.029742509	3.159807016	0	90.136113	247.6429298	1652.763832	17865.7888	34863.14929	42106.31745	42333.08027	39517.46676	30034.1993	13241.10539	5998.198314	3954.415623	4343.764181	2831.895854	2678.026655	1573.155919	1172.339106	332.9417541	134.4933153	174.728	573.4452644	2892.564797	9823.893327	19303.49912	19854.98185	11420.56136	5513.791322	3207.583838	1578.385652	741.7932312	249.1822028	60.17902728	5.072154135	0	0	0	0	0	0	0	0	0	0	0	0	0	0	0	0	0	0	0	0	0	0	0	0	0	0	0	0	0	0	0	0	0	0	0	0	0	0	0	0	0	0	0	0
0	0	0	12.87205486	48.84664993	48.84664993	48.84664993	311.3694105	355.492576	106.4910695	7.805160291	4549.759902	617202.3857	4506694.722	10861779.78	15092429.79	16322730.51	14071778	10713268.69	7279624.481	3421973.584	1370599.586	871724.2958	1030819.473	1085514.086	1036346.424	717013.9039	397406.9007	138175.6299	20278.40364	6226.814776	3581.346529	2062.441293	2567.642178	2175.066551	4259.245079	8784.299559	3389.622692	2516.171901	736.8331789	525.2478592	355.8972325	90.90821086	5.147878498	198.8675831	0	0	0	0	0	0	0	0	0	0	0	0	0	0	0	0	0	0	0	0	0	0	0	0	0	0	0	0	0	0	0	0	0	0	0	0	0	0	0	0	0
0	0	0	0	0	0	34.12529803	304.4183589	2318.41978	4564.817446	1930.765424	1725.769379	2498.744657	2980.900192	4241.238828	5148.627882	7087.287333	30963.58006	79158.95584	87747.22145	63519.31796	60975.0657	45548.53265	37695.35422	58873.94499	87303.92727	93416.34074	78040.28644	55327.05772	32697.15041	15089.70573	6054.542861	2294.485868	1085.29669	423.8949858	103.4188658	10.67109537	6.385812788	12.08520079	3.999910515	3.999910515	11.49431123	6.558361195	6.522982427	0.46302649	0	0	0	0	0	0	0	0	0	0	0	0	0	0	0	0	0	0	0	0	0	0	0	0	0	0	0	0	0	0	0	0	0	0	0	0	0	0	0	0	0
0	0	0	0	0	0	0	0	0	0	0	0	0	0	16.69656862	137.901327	516.8326494	1500.182796	3185.305038	4300.8227	5131.122881	7906.932526	18971.32554	55435.89899	96867.12057	102557.3568	73717.66625	40278.97651	20130.36285	10619.72866	6900.150486	6946.429988	5678.002383	3100.082816	1037.418169	350.7775612	116.9418228	31.7661061	17.96696365	0	0	0	0	0	0	0	0	0	0	0	0	0	0	0	0	0	0	0	0	0	0	0	0	0	0	0	0	0	0	0	0	0	0	0	0	0	0	0	0	0	0	0	0	0	0	0
0	0	0	0	0	0	31.40511581	170.6409994	969.5126916	2521.742306	4047.185672	9392.448386	17603.12494	26767.21448	35196.07658	36667.36366	35566.93799	32054.48882	34053.81744	33660.85581	20337.51437	12196.6831	8890.406217	8627.208382	9668.985981	7345.330449	4366.224712	2059.973609	1282.427437	1489.537492	2808.291792	5206.044127	9443.293563	10077.33183	4936.755759	1943.898174	581.1666579	164.2823247	58.94355949	6.160169414	5.628928004	2.243832646	2.687579571	0.455947351	0.03869278	2.052808832	0	0	0	0	0	0	0	0	0	0	0	0	0	0	0	0	0	0	0	0	0	0	0	0	0	0	0	0	0	0	0	0	0	0	0	0	0	0	0	0
0	0	0	0	0	0	0	0	0	0	16.12128097	155.3141726	1010.040497	2709.381737	2900.85198	2720.300683	6069.406646	20107.71743	25278.88213	17680.79977	11289.03088	7355.32756	3877.046383	1617.598182	1402.321368	624.5537643	478.8908316	87.51178571	41.98302414	19.69171339	42.54267912	13.72557687	1.467194019	38.19983559	1.28387159	0.766301801	0.715291106	0.979077922	1.982971251	2.909953446	4.509606419	6.783885278	9.289487152	12.7781456	8.381418453	4.393282474	1.8876806	0	0	0	0	0	0	0	0	0	0	0	0	0	0	0	0	0	0	0	0	0	0	0	0	0	0	0	0	0	0	0	0	0	0	0	0	0	0	0
0	0	72.48735905	306.0465596	36.58742018	36.58742018	36.58742018	386.9390045	352.0347575	168.9608974	187.8824034	131.3627382	467.3141227	1702.622412	2808.554908	4392.73114	5302.409591	5607.374165	13619.1005	40710.54381	84662.01496	140873.8647	169996.7548	173223.32	177715.9126	114089.2954	29709.34113	3479.719665	545.1986141	111.8618716	6.831151097	0.102900148	0.105657415	0.069686502	0.13348621	0.115733403	0	0	0	0	0	0	0	0	0	0	0	0	0	0	0	0	0	0	0	0	0	0	0	0	0	0	0	0	0	0	0	0	0	0	0	0	0	0	0	0	0	0	0	0	0	0	0	0	0	0
0	0	0	0	0	0	0	2.761497513	7.771612724	19.84760108	30.87218434	45.43762171	113.4457891	351.8067279	869.648879	2086.970393	3717.674946	4664.352089	4772.701833	4034.105523	3732.815518	4360.841938	5154.599625	2809.600561	1493.923263	7188.668753	34901.8419	74261.54797	78180.52201	77185.24163	61662.96964	26039.26115	7454.190148	2336.55661	906.2331966	345.4276288	99.31264757	20.91847118	0.348130673	0.801455684	0.62082592	0	0	0.225325284	2.494935973	2.711879885	1.548731738	0.759384673	0.114747863	0	0	0	0	0	0	0	0	0	0	0	0	0	0	0	0	0	0	0	0	0	0	0	0	0	0	0	0	0	0	0	0	0	0	0	0	0
0	0	0	0	0	0	0	0	21.58500347	124.663826	520.2933453	3898.643697	14595.47071	39911.71943	46291.04593	35489.84903	25926.70484	16853.61987	9129.348502	6112.695532	7785.661558	7353.607088	10735.76336	13982.1805	18159.70569	13273.64305	6058.889111	5414.836138	3323.376038	1635.319151	953.5349805	1000.691771	2343.755017	8938.552672	15720.80995	9710.288651	4470.90761	1315.857622	150.5271655	10.07285977	0	0	0	0	0	0	0	0	0	0	0	0	0	0	0	0	0	0	0	0	0	0	0	0	0	0	0	0	0	0	0	0	0	0	0	0	0	0	0	0	0	0	0	0	0	0
0	0	0	0	0	0	0	0	0	0	244.8482811	1213.886402	3620.784828	10001.16726	23471.94583	25155.99602	19486.86237	19652.78812	18753.87001	15033.41744	15660.90634	15720.36339	12568.56144	18183.34566	36260.10678	41701.56956	23587.72025	9881.958678	5149.226594	4625.589228	4022.923892	1847.936134	764.6388489	157.7510154	35.66893361	1.37283853	0	3.472405568	6.400926082	1.410852728	0.425821585	0	0	0	0	0	0	0	0	0	0	0	0	0	0	0	0	0	0	0	0	0	0	0	0	0	0	0	0	0	0	0	0	0	0	0	0	0	0	0	0	0	0	0	0	0
0	0	0	0	0	0	0	13.18812589	52.14522224	131.9265106	330.0268549	1389.711249	2000.612266	2827.338491	2211.352625	3245.934109	5105.412839	8817.172064	11141.40399	13065.52272	14184.55611	12401.14792	9992.773367	7560.967878	5595.47473	4255.962509	2706.497864	1393.923094	1025.465416	555.5962501	395.4918775	150.8855945	80.56689005	20.71061104	18.95918358	7.327533181	2.958734079	0	0	0	0	0	0	0	0	0	0	0	0	0	0	0	0	0	0	0	0	0	0	0	0	0	0	0	0	0	0	0	0	0	0	0	0	0	0	0	0	0	0	0	0	0	0	0	0	0
0	0	0	0	0	0	0	0	0	0	0	0	3.323954138	43.23685469	136.1678911	319.4933914	569.8305423	1246.543886	2514.088473	3240.313829	3507.891744	4128.864049	4539.603821	4002.94181	3648.100646	3530.064614	3603.987723	3118.139672	2799.386567	2449.794208	1926.056445	1115.781881	588.1316478	347.4366467	209.7014122	205.2249076	143.4110094	23.92222381	15.18847921	5.583815373	4.210208	7.104040744	4.151819055	0.426659732	0	0	0	0	0	0	0	0	0	0	0	0	0	0	0	0	0	0	0	0	0	0	0	0	0	0	0	0	0	0	0	0	0	0	0	0	0	0	0	0	0	0
0	0	0	0	0	0	0	0	0	0.535088541	20.45555072	29.55518003	67.20164584	220.0056174	516.9258308	1038.755255	1932.51216	2810.884336	2932.815047	3377.44434	4212.941155	5492.232681	5418.991685	3870.513171	2364.129298	1902.68299	1454.744502	1158.448409	1027.462399	847.1495327	546.6763396	356.2315415	242.0197614	139.4331386	40.16092151	24.46977842	9.989220915	1.43778375	0	0	0	0	0	0	0	0	0	0	0	0	0	0	0	0	0	0	0	0	0	0	0	0	0	0	0	0	0	0	0	0	0	0	0	0	0	0	0	0	0	0	0	0	0	0	0	0
0	0	0	0	0	0	0	0	2.871544223	7.442810583	244.4938419	1341.626908	2041.858794	1927.75632	3784.38136	5072.177779	5240.353025	6087.570104	8622.073528	19215.69172	34700.71446	49324.39711	43442.06808	22358.84531	9779.887025	7349.289412	6800.351639	5503.625523	4006.717101	2659.890942	1780.469691	1474.940824	987.9945097	806.0696197	639.1244239	418.0082403	284.430156	152.4089475	119.734054	104.5402023	31.88816872	15.07270172	0.506921519	0.03220948	0	0	0	0	0	0	0	0	0	0	0	0	0	0	0	0	0	0	0	0	0	0	0	0	0	0	0	0	0	0	0	0	0	0	0	0	0	0	0	0	0	0
0	0	0	0	0	0	0	0	0.658509947	0.228372137	10.25075117	14.22195102	61.75842983	118.7479284	192.7727867	385.3055029	624.0173695	913.9939945	1599.037239	2736.394949	5453.037726	14579.48563	8812.385973	15086.01354	26006.28671	38660.32608	53405.55266	57797.47171	45202.24938	28310.37498	16203.12481	9195.919832	5496.741705	3561.96711	1769.11319	1000.873544	596.3055297	158.4671184	113.3599066	77.79615495	27.94391089	10.64951277	2.182421832	0	0	0	0	0	0	0	0	0	0	0	0	0	0	0	0	0	0	0	0	0	0	0	0	0	0	0	0	0	0	0	0	0	0	0	0	0	0	0	0	0	0	0
0	0	0	0	0	0	0	0	0	0	0	0	1.787268075	21.24939346	52.82536297	157.9208554	461.1571128	800.6219075	684.6198775	596.573619	504.9316919	567.3607778	1861.538066	4970.583044	8017.538448	13597.54415	21303.45764	30985.41346	44110.7622	55283.99529	51425.92897	35769.87826	20682.40869	13778.07988	6477.477081	2681.352507	1204.238677	482.0634721	155.2715897	75.30744269	49.91407033	28.74871495	11.94012678	1.484446229	0	0	0	0	0	0	0	0	0	0	0	0	0	0	0	0	0	0	0	0	0	0	0	0	0	0	0	0	0	0	0	0	0	0	0	0	0	0	0	0	0	0
0	0	0	0	0	0	0	0	0	0	0	0	0	0	0.103965612	3.314317774	58.81463575	166.8292173	195.0742016	180.6077724	202.5629717	273.7587418	469.6322259	829.9993917	1113.274545	1757.504352	2448.33454	3715.644374	6101.9508	9357.405094	12202.24232	14151.64304	15082.70759	15459.84996	18145.55309	17997.54822	16862.62971	11824.86676	8004.410336	4411.428435	2378.494411	1405.749652	627.5492858	280.8675939	137.1851387	89.18638112	38.1354613	23.247054	12.78647197	6.386605009	2.594023986	1.400750556	0.238918027	0	0	0	0	0	0	0	0	0	0	0	0	0	0	0	0	0	0	0	0	0	0	0	0	0	0	0	0	0	0	0	0	0
0	0	0	0	0	0	0	0	0	0	0	0	0	0	3.107968225	7.664885241	5.171241753	12.11358688	19.10616298	92.69099308	195.2290752	687.4528611	1589.630379	2840.868891	4459.663006	6443.652704	7142.931985	7301.359412	8822.328866	11966.20897	14981.24621	16931.17388	16181.86427	14130.82602	12436.26758	12664.08975	14646.32725	14312.22134	14202.69126	12896.43569	10597.36577	7619.764394	5291.69584	3636.959272	2087.726982	1054.540535	572.3181163	391.6810403	227.9634244	139.2290314	116.320818	62.55515418	14.71960618	0	0	0	0	0	0	0	0	0	0	0	0	0	0	0	0	0	0	0	0	0	0	0	0	0	0	0	0	0	0	0	0	0
0	0	0	0	0	0	0	0	0	0	0	0	0	0	1.914151239	8.619812956	11.74560051	29.93555544	85.02036189	149.3998077	226.5304527	523.6073528	1052.746455	2429.513052	4816.531596	8912.249843	14894.29894	19815.77251	19558.22138	15793.64342	13184.47863	11139.34967	11916.09337	13593.27572	15279.67186	16882.12551	16898.32664	16276.17228	15796.44504	15033.33441	14654.79272	14382.77563	13113.68249	11087.92891	8881.59598	6863.802594	4607.217366	2995.497881	1686.641818	936.9504249	376.3139483	119.8239148	29.85263997	0	0	0	0	0	0	0	0	0	0	0	0	0	0	0	0	0	0	0	0	0	0	0	0	0	0	0	0	0	0	0	0	0
0	0	0	0	0	0	0	0	0	0	0	0.904542926	3.768834988	4.219290446	9.167723865	55.04534678	178.2831981	259.1638805	321.0857434	585.3542199	896.2599994	1105.846801	1196.663861	1315.339755	1063.916659	1171.018199	1599.437127	2422.082096	3267.60545	4451.792138	7715.806529	11722.49972	13486.68739	13725.44182	14011.15221	13188.677	14780.00751	16270.86971	16203.41589	15238.06233	13749.92127	11898.34826	11164.71565	10917.10303	10793.76489	9521.580411	8674.69102	6847.404285	4823.505726	3232.069474	1716.515069	897.1050461	228.9815601	0	0	0	0	0	0	0	0	0	0	0	0	0	0	0	0	0	0	0	0	0	0	0	0	0	0	0	0	0	0	0	0	0
0	0	0	0	0	0	0	3.227547458	1.726477804	0	0	64.95550518	69.48618809	317.2877394	497.9264218	642.6702224	759.3597379	1167.822876	1981.266346	2898.230537	2862.895887	2584.825965	2700.139287	2905.650332	3140.648954	2741.100997	2423.884002	2568.608551	3384.170634	4430.564025	5321.747083	5875.196893	6685.960442	7846.651732	8066.367189	9650.370129	11113.07364	12963.27028	15111.31102	17700.99624	18300.97806	15476.23746	11501.95	7669.342155	5163.32492	3653.405294	2356.937968	1274.039044	790.3987358	384.6327233	295.188332	151.8341862	52.43963277	23.82326507	6.111856176	0.239526685	0	0	0	0	0	0	0	0	0	0	0	0	0	0	0	0	0	0	0	0	0	0	0	0	0	0	0	0	0	0
