"year","length_cm","proportion","ridge_height"
1983,10,0,0
1983,11,0,0
1983,12,0,0
1983,13,0,0
1983,14,8.365954e-05,0.000692797057211141
1983,15,0.0007590585,0.00628587600471032
1983,16,0.003926026,0.0325120035244567
1983,17,0.02151325,0.178154413603608
1983,18,0.060677,0.502475235226017
1983,19,0.08056951,0.667208060538507
1983,20,0.07901019,0.654295100375799
1983,21,0.07747701,0.641598609429578
1983,22,0.07821766,0.64773204191586
1983,23,0.0582848,0.482665072269581
1983,24,0.03874937,0.320889279391038
1983,25,0.02762582,0.228773512250303
1983,26,0.01808321,0.14974974369846
1983,27,0.02307995,0.191128488640749
1983,28,0.06276603,0.519774802453207
1983,29,0.1207562,1
1983,30,0.1163474,0.963490073387536
1983,31,0.06151325,0.509400345489507
1983,32,0.03514815,0.291067042520384
1983,33,0.01703192,0.141043855305152
1983,34,0.008569156,0.0709624516173911
1983,35,0.004373632,0.0362186951891497
1983,36,0.002665563,0.0220739224983893
1983,37,0.001665161,0.0137894451796264
1983,38,0.0007072669,0.00585698208456377
1983,39,0.0001095052,0.000906828800508794
1983,40,8.948108e-05,0.000741006093268917
1983,41,5.831577e-05,0.000482921539432344
1983,42,0.000142427,0.00117945910851782
1983,43,0,0
1983,44,0,0
1983,45,0,0
1983,46,0,0
1983,47,0,0
1983,48,0,0
1983,49,0,0
1983,50,0,0
1984,10,0,0
1984,11,0,0
1984,12,0,0
1984,13,0,0
1984,14,0,0
1984,15,0,0
1984,16,0,0
1984,17,0,0
1984,18,8.094262e-05,0.000452379414105465
1984,19,0.0006836066,0.00382060221409473
1984,20,0.002119057,0.011843176859312
1984,21,0.005698156,0.0318463681156051
1984,22,0.01401844,0.0783475216625383
1984,23,0.0333998,0.186667814252117
1984,24,0.05876967,0.328457231576782
1984,25,0.04599693,0.257071790412147
1984,26,0.02613975,0.146092192096862
1984,27,0.05552029,0.310296803601928
1984,28,0.1291225,0.721651472337229
1984,29,0.1789264,1
1984,30,0.1139242,0.636709842706275
1984,31,0.06771414,0.378446892129948
1984,32,0.06009057,0.335839596616262
1984,33,0.04532111,0.253294706650332
1984,34,0.03533689,0.197493997531946
1984,35,0.01988873,0.111155927800481
1984,36,0.01314795,0.073482448649277
1984,37,0.01479795,0.0827041174471738
1984,38,0.01101803,0.0615785596759338
1984,39,0.009614549,0.0537346584964544
1984,40,0.008010041,0.0447672394906509
1984,41,0.009717828,0.0543118734854108
1984,42,0.01048422,0.0585951542086579
1984,43,0.01174508,0.0656419622816979
1984,44,0.006805123,0.0380330851120908
1984,45,0.004471107,0.0249885260084593
1984,46,0.004448975,0.0248648326909836
1984,47,0.001967213,0.0109945374187375
1984,48,0.0005811475,0.00324796955619741
1984,49,2.971311e-05,0.000166063308712409
1984,50,0.0004098361,0.00229052895492225
1986,10,0.004063763,0.0281898025211366
1986,11,0.0168516,0.116897387019171
1986,12,0.05529379,0.383565926641194
1986,13,0.09486616,0.658074379913039
1986,14,0.1093224,0.758355461954033
1986,15,0.1441572,1
1986,16,0.1368503,0.94931297222754
1986,17,0.1276153,0.885250962144104
1986,18,0.1034382,0.717537521538987
1986,19,0.05780593,0.400992319495662
1986,20,0.01735748,0.120406611671148
1986,21,0.003252087,0.0225593102529738
1986,22,0.0004008634,0.00278073797215817
1986,23,0.0004560672,0.00316367964971573
1986,24,0.001209023,0.00838683742470026
1986,25,0.001843493,0.0127880744076605
1986,26,0.0009894047,0.0068633734561992
1986,27,0.002169928,0.0150525121187148
1986,28,0.001370072,0.00950401367396148
1986,29,0.002790111,0.0193546420157994
1986,30,0.008477673,0.0588085298549084
1986,31,0.01541046,0.106900383747742
1986,32,0.02004384,0.139041546311943
1986,33,0.02000457,0.138769135360565
1986,34,0.01251137,0.0867897683917279
1986,35,0.005301435,0.0367753743829653
1986,36,0.002590838,0.0179723107829508
1986,37,0.0008989692,0.00623603399622079
1986,38,0.0006476348,0.00449255951142225
1986,39,0.0003426675,0.00237704048080845
1986,40,0.0004598073,0.00318962424353414
1986,41,0.0004133553,0.00286739267965804
1986,42,0.0008811663,0.00611253756316022
1986,43,0.001729869,0.0119998792984325
1986,44,0.002790859,0.0193598307958257
1986,45,0.00404768,0.0280782368137006
1986,46,0.004681626,0.0324758388758938
1986,47,0.004608171,0.0319662909656958
1986,48,0.003598794,0.0249643722269855
1986,49,0.0046161,0.0320212934213484
1986,50,0.003839881,0.0266367618127988
1988,10,0,0
1988,11,0,0
1988,12,0,0
1988,13,0,0
1988,14,0,0
1988,15,0.0003205617,0.001880751616079
1988,16,0.0007277219,0.00426958098700214
1988,17,0.0006043689,0.00354586273214451
1988,18,0.0009114945,0.00534778407377464
1988,19,0.0008566227,0.0050258484634782
1988,20,0.001463852,0.00858849330628232
1988,21,0.00346732,0.0203429408237573
1988,22,0.02057966,0.120741900243717
1988,23,0.07583001,0.444898482428771
1988,24,0.1499364,0.87968439963061
1988,25,0.1704434,1
1988,26,0.1341014,0.786779658232586
1988,27,0.1136204,0.666616601170829
1988,28,0.102279,0.600076036971804
1988,29,0.08040066,0.471714715852887
1988,30,0.04621611,0.271152241741247
1988,31,0.0211016,0.123804148473922
1988,32,0.01265378,0.0742403636632454
1988,33,0.009256415,0.0543078523427719
1988,34,0.01047607,0.0614636295685254
1988,35,0.01179612,0.0692084293084977
1988,36,0.01090231,0.063964401085639
1988,37,0.008825329,0.0517786490999358
1988,38,0.00806172,0.0472985166923448
1988,39,0.002137049,0.0125381739627348
1988,40,0.002267597,0.0133041056444544
1988,41,0.0004667129,0.00273822805693855
1988,42,0.0001230062,0.000721683561815829
1988,43,8.191748e-05,0.000480613975079117
1988,44,9.145284e-05,0.000536558411766017
1988,45,0,0
1988,46,0,0
1988,47,0,0
1988,48,0,0
1988,49,0,0
1988,50,0,0
1990,10,0,0
1990,11,0,0
1990,12,0,0
1990,13,0,0
1990,14,0,0
1990,15,0,0
1990,16,0,0
1990,17,5.506722e-05,0.000176221081419082
1990,18,0.0004619959,0.00147843702858401
1990,19,0,0
1990,20,0,0
1990,21,0,0
1990,22,0,0
1990,23,0.0006747673,0.00215932860442626
1990,24,0.003050414,0.00976165591536865
1990,25,0.01301008,0.0416336682140258
1990,26,0.03254421,0.104145004598556
1990,27,0.1498883,0.479658830027515
1990,28,0.3124894,1
1990,29,0.2697314,0.863169758718216
1990,30,0.1253102,0.401006242131733
1990,31,0.05007756,0.160253627803055
1990,32,0.02316262,0.0741228982487086
1990,33,0.01085083,0.0347238338324436
1990,34,0.003164168,0.0101256810631017
1990,35,0.002283092,0.00730614222434425
1990,36,0.00152456,0.00487875748745397
1990,37,0.0006491727,0.00207742310619176
1990,38,0.0005550672,0.00177627529125788
1990,39,5.610134e-05,0.000179530377670411
1990,40,0.0004609617,0.001475127476324
1990,41,0,0
1990,42,0,0
1990,43,0,0
1990,44,0,0
1990,45,0,0
1990,46,0,0
1990,47,0,0
1990,48,0,0
1990,49,0,0
1990,50,0,0
1991,10,0,0
1991,11,0,0
1991,12,0,0
1991,13,0,0
1991,14,0,0
1991,15,0,0
1991,16,0,0
1991,17,0,0
1991,18,0,0
1991,19,0.000430597,0.00165514221983563
1991,20,0.003327612,0.012790779110007
1991,21,0.0114291,0.0439315321396187
1991,22,0.0229403,0.0881786428277376
1991,23,0.08124552,0.312294071543694
1991,24,0.2065728,0.794030991274119
1991,25,0.2601571,1
1991,26,0.2050869,0.788319442367708
1991,27,0.08442948,0.324532676601946
1991,28,0.01732649,0.0666001043215811
1991,29,0.02864552,0.110108545951658
1991,30,0.03663806,0.140830521250429
1991,31,0.02755149,0.105903279210908
1991,32,0.008825,0.0339218110902989
1991,33,0.003575,0.0137416968439454
1991,34,0.0008141791,0.00312956709618919
1991,35,0.0002585821,0.000993945965726094
1991,36,0.0006235075,0.00239665763494442
1991,37,0.0001227612,0.000471873341146561
1991,38,0,0
1991,39,0,0
1991,40,0,0
1991,41,0,0
1991,42,0,0
1991,43,0,0
1991,44,0,0
1991,45,0,0
1991,46,0,0
1991,47,0,0
1991,48,0,0
1991,49,0,0
1991,50,0,0
1992,10,0,0
1992,11,0,0
1992,12,0,0
1992,13,0,0
1992,14,0,0
1992,15,0.001099287,0.00572394760753031
1992,16,0.002615339,0.0136179754804075
1992,17,0.01987574,0.10349225854658
1992,18,0.1259905,0.656027971809498
1992,19,0.1920505,1
1992,20,0.1353662,0.704846902247065
1992,21,0.1016486,0.529280579847488
1992,22,0.06169798,0.321259147984514
1992,23,0.02574078,0.13403130947329
1992,24,0.01073365,0.0558897269207839
1992,25,0.01304994,0.0679505650857457
1992,26,0.0285761,0.148794718055928
1992,27,0.08663555,0.451108172069326
1992,28,0.08329964,0.43373820948136
1992,29,0.06497503,0.338322628683601
1992,30,0.02189417,0.114002150476047
1992,31,0.01246017,0.0648796540493256
1992,32,0.006277646,0.0326874754296396
1992,33,0.003263377,0.0169922858831401
1992,34,0.002337693,0.0121722828110315
1992,35,0.0004120095,0.00214531854902747
1992,36,0,0
1992,37,0,0
1992,38,0,0
1992,39,0,0
1992,40,0,0
1992,41,0,0
1992,42,0,0
1992,43,0,0
1992,44,0,0
1992,45,0,0
1992,46,0,0
1992,47,0,0
1992,48,0,0
1992,49,0,0
1992,50,0,0
1993,10,0,0
1993,11,0,0
1993,12,0,0
1993,13,0,0
1993,14,0,0
1993,15,0.0002847244,0.00123353702785077
1993,16,0.0003598706,0.00155909964279448
1993,17,0.003,0.0129971687834
1993,18,0.02012504,0.0871895138842256
1993,19,0.1005186,0.435485736690358
1993,20,0.2308195,1
1993,21,0.1816694,0.787062618193004
1993,22,0.06837881,0.296243644926014
1993,23,0.03784293,0.163950316156131
1993,24,0.0332045,0.143854830289469
1993,25,0.0188129,0.081504812201742
1993,26,0.01934463,0.0838084737208078
1993,27,0.02575962,0.111600709645416
1993,28,0.02451832,0.106222914441804
1993,29,0.03302156,0.143062262937057
1993,30,0.04740437,0.205374199320248
1993,31,0.05502664,0.238396842554464
1993,32,0.04390299,0.190204857041974
1993,33,0.02563135,0.111044994032133
1993,34,0.0129113,0.0559367817710375
1993,35,0.00596874,0.025858907068077
1993,36,0.004368032,0.0189240163850974
1993,37,0.001514629,0.00656196291907746
1993,38,0.001332153,0.00577140579543756
1993,39,0.001982599,0.00858939127760003
1993,40,0.001372806,0.00594753042962141
1993,41,8.94672e-05,0.000387606766326069
1993,42,0.0004534955,0.00196471918533746
1993,43,0.000380967,0.00165049746663518
1993,44,0,0
1993,45,0,0
1993,46,0,0
1993,47,0,0
1993,48,0,0
1993,49,0,0
1993,50,0,0
1994,10,0.00288921,0.0156335933872921
1994,11,0.009193969,0.0497488147145304
1994,12,0.01352123,0.0731637409243549
1994,13,0.00899607,0.0486779778775571
1994,14,0.002031746,0.0109938325113983
1994,15,9.924766e-05,0.000537031770304067
1994,16,0,0
1994,17,0,0
1994,18,0,0
1994,19,0,0
1994,20,0,0
1994,21,0,0
1994,22,0.0003347001,0.00181107128595222
1994,23,0.002595043,0.0140418478007963
1994,24,0.01187932,0.0642793215437877
1994,25,0.06037655,0.326699143650863
1994,26,0.1646116,0.890717816022917
1994,27,0.1848078,1
1994,28,0.08862011,0.479525810057801
1994,29,0.0590604,0.319577420433553
1994,30,0.05267636,0.285033207472845
1994,31,0.05766617,0.312033204226229
1994,32,0.06304879,0.341158706504812
1994,33,0.05720838,0.309556090165026
1994,34,0.04683983,0.25345158591791
1994,35,0.04253909,0.230180165555783
1994,36,0.01767443,0.0956368183593983
1994,37,0.009754882,0.0527839301155038
1994,38,0.01028838,0.055670702210621
1994,39,0.006046954,0.0327202315053802
1994,40,0.007447151,0.0402967353109555
1994,41,0.005160282,0.0279224253521767
1994,42,0.003024222,0.0163641469678228
1994,43,0.002601302,0.0140757154189379
1994,44,0.00226541,0.0122581947298761
1994,45,0.001950976,0.0105567838586899
1994,46,0.001506597,0.00815223708090243
1994,47,0.001799274,0.00973592023713285
1994,48,0.0002923782,0.00158206634135572
1994,49,0.001192164,0.00645083162074328
1994,50,0,0
1995,10,0.001375149,0.0102170307993385
1995,11,0.0110353,0.0819896607421738
1995,12,0.03892147,0.289177287512501
1995,13,0.08816852,0.655071184556792
1995,14,0.08944987,0.664591311041073
1995,15,0.03987354,0.296250941722427
1995,16,0.04709781,0.349925553777366
1995,17,0.02212012,0.164347243335131
1995,18,0.0109646,0.0814643765166003
1995,19,0.02218311,0.164815244089995
1995,20,0.04945447,0.367434978431399
1995,21,0.04526878,0.336336294836761
1995,22,0.01685142,0.125202052397659
1995,23,0.02348069,0.174455955623513
1995,24,0.1027428,0.76335462703334
1995,25,0.1345938,1
1995,26,0.07589671,0.563894547891508
1995,27,0.04108749,0.30527030219817
1995,28,0.02301029,0.170960995231578
1995,29,0.0464907,0.345414870521525
1995,30,0.04183214,0.310802875020989
1995,31,0.02401132,0.178398410625155
1995,32,0.00408996,0.0303874324077335
1995,33,0,0
1995,34,0,0
1995,35,0,0
1995,36,0,0
1995,37,0,0
1995,38,0,0
1995,39,0,0
1995,40,0,0
1995,41,0,0
1995,42,0,0
1995,43,0,0
1995,44,0,0
1995,45,0,0
1995,46,0,0
1995,47,0,0
1995,48,0,0
1995,49,0,0
1995,50,0,0
1996,10,0.002972535,0.0237962710941753
1996,11,0.009258947,0.0741213855711038
1996,12,0.02776184,0.222244068013705
1996,13,0.05385678,0.431143968746998
1996,14,0.06314314,0.50548480578949
1996,15,0.04971768,0.398008901982132
1996,16,0.05193453,0.415755627781869
1996,17,0.05125646,0.410327420026258
1996,18,0.02181879,0.174667696692177
1996,19,0.01360608,0.108921835473438
1996,20,0.03306779,0.264720211982452
1996,21,0.04757758,0.380876589067854
1996,22,0.06892951,0.551806894232925
1996,23,0.1093591,0.87546110986583
1996,24,0.124916,1
1996,25,0.06812997,0.545406273015466
1996,26,0.02419722,0.193707931730123
1996,27,0.02080486,0.166550802139037
1996,28,0.02932428,0.234751993339524
1996,29,0.03668694,0.293692881616446
1996,30,0.03347203,0.267956306638061
1996,31,0.0389338,0.311679848858433
1996,32,0.01656217,0.132586458099843
1996,33,0.002134904,0.0170907169617983
1996,34,0,0
1996,35,0.0004296354,0.00343939447308591
1996,36,0.0001474437,0.00118034279035512
1996,37,0,0
1996,38,0,0
1996,39,0,0
1996,40,0,0
1996,41,0,0
1996,42,0,0
1996,43,0,0
1996,44,0,0
1996,45,0,0
1996,46,0,0
1996,47,0,0
1996,48,0,0
1996,49,0,0
1996,50,0,0
1997,10,0,0
1997,11,0,0
1997,12,0,0
1997,13,0.0002196096,0.000882145882715878
1997,14,7.61609e-05,0.000305929359913846
1997,15,0.002734398,0.0109837545235114
1997,16,0.01378054,0.0553548051751903
1997,17,0.01657453,0.0665779337399221
1997,18,0.01309361,0.0525954883183042
1997,19,0.07566415,0.303933973704686
1997,20,0.2303855,0.925431403100953
1997,21,0.2489493,1
1997,22,0.1574965,0.632644879901249
1997,23,0.09325067,0.374576952013924
1997,24,0.04457113,0.179036976605277
1997,25,0.02351553,0.094459112759104
1997,26,0.00992724,0.0398765531776952
1997,27,0.004759982,0.0191202867411156
1997,28,0.006107365,0.0245325654661411
1997,29,0.02206093,0.0886161559803542
1997,30,0.02445756,0.0982431362530443
1997,31,0.009838953,0.0395219147031142
1997,32,0.002067436,0.00830464676944261
1997,33,0.0004689441,0.00188369318572095
1997,34,0,0
1997,35,0,0
1997,36,0,0
1997,37,0,0
1997,38,0,0
1997,39,0,0
1997,40,0,0
1997,41,0,0
1997,42,0,0
1997,43,0,0
1997,44,0,0
1997,45,0,0
1997,46,0,0
1997,47,0,0
1997,48,0,0
1997,49,0,0
1997,50,0,0
1998,10,0,0
1998,11,0,0
1998,12,0,0
1998,13,0,0
1998,14,0,0
1998,15,0,0
1998,16,0.0008470378,0.00364487897992695
1998,17,0.07621016,0.327939095800529
1998,18,0.2323912,1
1998,19,0.1989025,0.855895145771441
1998,20,0.05373264,0.231216328329128
1998,21,0.01731844,0.0745227874377343
1998,22,0.006014811,0.025882266626275
1998,23,0.002895301,0.0124587376802564
1998,24,0.01929162,0.083013556451363
1998,25,0.05530107,0.237965422098599
1998,26,0.03855363,0.165899698439528
1998,27,0.01155618,0.0497272702236573
1998,28,0.002731103,0.0117521790842338
1998,29,0.004155005,0.0178793560169232
1998,30,0.02006052,0.0863222015291457
1998,31,0.03992416,0.17179721090988
1998,32,0.03787564,0.162982247176313
1998,33,0.03508631,0.15097951213299
1998,34,0.03087513,0.13285843009546
1998,35,0.03221961,0.138643847099202
1998,36,0.03142901,0.135241824991652
1998,37,0.02260189,0.0972579426415458
1998,38,0.01224106,0.0526743697695954
1998,39,0.005350358,0.0230230662778969
1998,40,0.003648876,0.0157014379201966
1998,41,0.004124617,0.0177485937505379
1998,42,0.001866445,0.00803147881675382
1998,43,0.00174617,0.0075139247957754
1998,44,0.0005388151,0.00231856929178041
1998,45,0,0
1998,46,0,0
1998,47,0,0
1998,48,0.0004736977,0.0020383633287319
1998,49,3.702758e-05,0.000159332969578883
1998,50,0,0
2000,10,0.05285405,0.302109805212695
2000,11,0.04930214,0.281807352737757
2000,12,0.03567852,0.203935757571601
2000,13,0.02349671,0.134305440760721
2000,14,0.02505156,0.143192847319631
2000,15,0.033038,0.188842742318082
2000,16,0.02753978,0.157415327139557
2000,17,0.003091376,0.0176700745013713
2000,18,0,0
2000,19,0.0001509839,0.000863012704215724
2000,20,0.0007695732,0.00439882297664816
2000,21,0.005081643,0.0290462921363728
2000,22,0.02555789,0.146086991811365
2000,23,0.06831041,0.39045720543836
2000,24,0.1488361,0.850736039709677
2000,25,0.1749498,1
2000,26,0.1286153,0.735155456022242
2000,27,0.08923045,0.510034592780329
2000,28,0.05890754,0.33671110227048
2000,29,0.02984327,0.170581904066195
2000,30,0.01044013,0.0596750039154089
2000,31,0.003572065,0.0204176569507367
2000,32,0.002699917,0.0154325240726197
2000,33,0.001936101,0.0110666088215019
2000,34,0.0003420034,0.00195486591010679
2000,35,0.0001813377,0.0010365127596602
2000,36,0.0004372515,0.0024992969411797
2000,37,8.608962e-05,0.000492081842905794
2000,38,0,0
2000,39,0,0
2000,40,0,0
2000,41,0,0
2000,42,0,0
2000,43,0,0
2000,44,0,0
2000,45,0,0
2000,46,0,0
2000,47,0,0
2000,48,0,0
2000,49,0,0
2000,50,0,0
2001,10,0,0
2001,11,0,0
2001,12,0,0
2001,13,0.001366145,0.0106752679668899
2001,14,0.00200736,0.0156858209824111
2001,15,0.003708372,0.0289777913917712
2001,16,0.03519319,0.275005020594204
2001,17,0.1270515,0.992800038133074
2001,18,0.1163151,0.908904150800677
2001,19,0.03811546,0.297840089581466
2001,20,0.02478657,0.19368608510083
2001,21,0.04211086,0.329060762083222
2001,22,0.086477,0.675744630308448
2001,23,0.1246049,0.973681927970688
2001,24,0.1279729,1
2001,25,0.09758648,0.762555822365516
2001,26,0.06889328,0.538342727249285
2001,27,0.05740892,0.448602164989619
2001,28,0.0320483,0.250430364553745
2001,29,0.01067387,0.0834072682575764
2001,30,0.000798988,0.00624341559814617
2001,31,0.002310948,0.0180581044893098
2001,32,0.0005699172,0.00445342099772686
2001,33,0,0
2001,34,0,0
2001,35,0,0
2001,36,0,0
2001,37,0,0
2001,38,0,0
2001,39,0,0
2001,40,0,0
2001,41,0,0
2001,42,0,0
2001,43,0,0
2001,44,0,0
2001,45,0,0
2001,46,0,0
2001,47,0,0
2001,48,0,0
2001,49,0,0
2001,50,0,0
2002,10,0,0
2002,11,0.007723425,0.0451834030479422
2002,12,0.05607283,0.328035978588352
2002,13,0.1656083,0.968837862345336
2002,14,0.1137844,0.665658876181004
2002,15,0.04040846,0.23639664199842
2002,16,0.004228346,0.0247365723813145
2002,17,0.002147638,0.0125640623628865
2002,18,0.001758858,0.0102896305613245
2002,19,0,0
2002,20,0,0
2002,21,0,0
2002,22,0,0
2002,23,0,0
2002,24,0,0
2002,25,0,0
2002,26,0,0
2002,27,0.006067913,0.0354983648755375
2002,28,0.01793307,0.104911633076901
2002,29,0.09899705,0.579150261795419
2002,30,0.170935,1
2002,31,0.1646722,0.963361511685728
2002,32,0.1056004,0.617781027876093
2002,33,0.03557283,0.20810735074736
2002,34,0.006442913,0.0376921812384825
2002,35,0.00204626,0.0119709831222394
2002,36,0,0
2002,37,0,0
2002,38,0,0
2002,39,0,0
2002,40,0,0
2002,41,0,0
2002,42,0,0
2002,43,0,0
2002,44,0,0
2002,45,0,0
2002,46,0,0
2002,47,0,0
2002,48,0,0
2002,49,0,0
2002,50,0,0
2003,10,0,0
2003,11,0.006048561,0.0252604576028679
2003,12,0.1078579,0.450444313959034
2003,13,0.2394478,1
2003,14,0.1958327,0.817851322918816
2003,15,0.06293345,0.262827430446218
2003,16,0.03929317,0.164099106360551
2003,17,0.02584532,0.107937178792204
2003,18,0.04354137,0.181840760282617
2003,19,0.03888669,0.162401533862495
2003,20,0.06244964,0.260806906557504
2003,21,0.03355396,0.140130583784858
2003,22,0.01165827,0.0486881483145805
2003,23,0.003154676,0.0131747963439213
2003,24,0.005348921,0.0223385681555646
2003,25,0.01385252,0.0578519410076017
2003,26,0.04898921,0.204592441442352
2003,27,0.03642266,0.152111065543304
2003,28,0.01807554,0.0754884363105445
2003,29,0.003210432,0.0134076487652006
2003,30,0,0
2003,31,0,0
2003,32,0.001696043,0.00708314296477144
2003,33,0.001901079,0.00793942980474241
2003,34,0,0
2003,35,0,0
2003,36,0,0
2003,37,0,0
2003,38,0,0
2003,39,0,0
2003,40,0,0
2003,41,0,0
2003,42,0,0
2003,43,0,0
2003,44,0,0
2003,45,0,0
2003,46,0,0
2003,47,0,0
2003,48,0,0
2003,49,0,0
2003,50,0,0
2004,10,0,0
2004,11,0,0
2004,12,0,0
2004,13,0,0
2004,14,0,0
2004,15,0,0
2004,16,0.06365385,0.143119676337509
2004,17,0.4298558,0.966490211790819
2004,18,0.4447596,1
2004,19,0.06173077,0.138795812389435
2004,20,0,0
2004,21,0,0
2004,22,0,0
2004,23,0,0
2004,24,0,0
2004,25,0,0
2004,26,0,0
2004,27,0,0
2004,28,0,0
2004,29,0,0
2004,30,0,0
2004,31,0,0
2004,32,0,0
2004,33,0,0
2004,34,0,0
2004,35,0,0
2004,36,0,0
2004,37,0,0
2004,38,0,0
2004,39,0,0
2004,40,0,0
2004,41,0,0
2004,42,0,0
2004,43,0,0
2004,44,0,0
2004,45,0,0
2004,46,0,0
2004,47,0,0
2004,48,0,0
2004,49,0,0
2004,50,0,0
2006,10,0,0
2006,11,0,0
2006,12,0,0
2006,13,0,0
2006,14,0,0
2006,15,0,0
2006,16,0,0
2006,17,0,0
2006,18,0,0
2006,19,0,0
2006,20,0.001717195,0.0102139693627611
2006,21,0.01558145,0.0926793130235031
2006,22,0.08805656,0.523765213636272
2006,23,0.125448,0.746171534752698
2006,24,0.05971493,0.35518765516987
2006,25,0.05343665,0.317844103872065
2006,26,0.1681222,1
2006,27,0.123871,0.736791452883676
2006,28,0.1541538,0.916915196208472
2006,29,0.06866063,0.408397165871015
2006,30,0.0405,0.240896205260221
2006,31,0.02789819,0.165939953200708
2006,32,0.01614932,0.0960570347045185
2006,33,0.02020814,0.120199117070797
2006,34,0.02272851,0.135190415067136
2006,35,0.01144118,0.068052761622201
2006,36,0.002312217,0.0137531926182265
2006,37,0,0
2006,38,0,0
2006,39,0,0
2006,40,0,0
2006,41,0,0
2006,42,0,0
2006,43,0,0
2006,44,0,0
2006,45,0,0
2006,46,0,0
2006,47,0,0
2006,48,0,0
2006,49,0,0
2006,50,0,0
2007,10,0.01943997,0.0738459557311046
2007,11,0.05439537,0.206629849994473
2007,12,0.168741,0.640990722517695
2007,13,0.2632503,1
2007,14,0.207621,0.788682861899872
2007,15,0.2093894,0.795400423095434
2007,16,0.06839179,0.259797576678925
2007,17,0.008771148,0.0333186628847147
2007,18,0,0
2007,19,0,0
2007,20,0,0
2007,21,0,0
2007,22,0,0
2007,23,0,0
2007,24,0,0
2007,25,0,0
2007,26,0,0
2007,27,0,0
2007,28,0,0
2007,29,0,0
2007,30,0,0
2007,31,0,0
2007,32,0,0
2007,33,0,0
2007,34,0,0
2007,35,0,0
2007,36,0,0
2007,37,0,0
2007,38,0,0
2007,39,0,0
2007,40,0,0
2007,41,0,0
2007,42,0,0
2007,43,0,0
2007,44,0,0
2007,45,0,0
2007,46,0,0
2007,47,0,0
2007,48,0,0
2007,49,0,0
2007,50,0,0
2011,10,0,0
2011,11,0,0
2011,12,0,0
2011,13,0,0
2011,14,0,0
2011,15,0,0
2011,16,0,0
2011,17,0,0
2011,18,0,0
2011,19,0,0
2011,20,0,0
2011,21,0,0
2011,22,0,0
2011,23,0,0
2011,24,0,0
2011,25,0.01218248,0.0262570651180595
2011,26,0.1735547,0.374064809418548
2011,27,0.4639696,1
2011,28,0.3003479,0.647343920808605
2011,29,0.04994526,0.107647699332025
2011,30,0,0
2011,31,0,0
2011,32,0,0
2011,33,0,0
2011,34,0,0
2011,35,0,0
2011,36,0,0
2011,37,0,0
2011,38,0,0
2011,39,0,0
2011,40,0,0
2011,41,0,0
2011,42,0,0
2011,43,0,0
2011,44,0,0
2011,45,0,0
2011,46,0,0
2011,47,0,0
2011,48,0,0
2011,49,0,0
2011,50,0,0
2012,10,0,0
2012,11,0.003449231,0.0143050389847379
2012,12,0.01473231,0.0610994940278699
2012,13,0.04070308,0.168808394160584
2012,14,0.06317692,0.262014432647644
2012,15,0.08136154,0.337431735235567
2012,16,0.09506154,0.394249917053749
2012,17,0.2211492,0.917174850696748
2012,18,0.24112,1
2012,19,0.1752846,0.7269600199071
2012,20,0.05823385,0.241513976443265
2012,21,0.005727692,0.0237545288652953
2012,22,0,0
2012,23,0,0
2012,24,0,0
2012,25,0,0
2012,26,0,0
2012,27,0,0
2012,28,0,0
2012,29,0,0
2012,30,0,0
2012,31,0,0
2012,32,0,0
2012,33,0,0
2012,34,0,0
2012,35,0,0
2012,36,0,0
2012,37,0,0
2012,38,0,0
2012,39,0,0
2012,40,0,0
2012,41,0,0
2012,42,0,0
2012,43,0,0
2012,44,0,0
2012,45,0,0
2012,46,0,0
2012,47,0,0
2012,48,0,0
2012,49,0,0
2012,50,0,0
2014,10,0.0272616,0.149453643582203
2014,11,0.03414459,0.18718759662384
2014,12,0.06043123,0.331296310915506
2014,13,0.1506891,0.826108337116054
2014,14,0.1378277,0.755599522828993
2014,15,0.1414009,0.775188532984227
2014,16,0.0644175,0.353149854940891
2014,17,0.007916246,0.0433984728773456
2014,18,0,0
2014,19,0,0
2014,20,0,0
2014,21,0,0
2014,22,0,0
2014,23,0,0
2014,24,0,0
2014,25,0,0
2014,26,0.003720917,0.0203988248348212
2014,27,0.0976987,0.535604171737705
2014,28,0.1824084,1
2014,29,0.07316296,0.401094247852621
2014,30,0.01347149,0.0738534519243631
2014,31,0.00219315,0.0120232949798365
2014,32,0.00219315,0.0120232949798365
2014,33,0.001062401,0.00582429866168444
2014,34,0,0
2014,35,0,0
2014,36,0,0
2014,37,0,0
2014,38,0,0
2014,39,0,0
2014,40,0,0
2014,41,0,0
2014,42,0,0
2014,43,0,0
2014,44,0,0
2014,45,0,0
2014,46,0,0
2014,47,0,0
2014,48,0,0
2014,49,0,0
2014,50,0,0
2017,10,0,0
2017,11,0,0
2017,12,0,0
2017,13,0,0
2017,14,0.00277371,0.00947468416694677
2017,15,0.02208985,0.0754564651838978
2017,16,0.1239185,0.423291782465288
2017,17,0.2838968,0.969759822045871
2017,18,0.2927496,1
2017,19,0.2364318,0.807624673099468
2017,20,0.03504243,0.119701034604317
2017,21,0.003097338,0.0105801613392469
2017,22,0,0
2017,23,0,0
2017,24,0,0
2017,25,0,0
2017,26,0,0
2017,27,0,0
2017,28,0,0
2017,29,0,0
2017,30,0,0
2017,31,0,0
2017,32,0,0
2017,33,0,0
2017,34,0,0
2017,35,0,0
2017,36,0,0
2017,37,0,0
2017,38,0,0
2017,39,0,0
2017,40,0,0
2017,41,0,0
2017,42,0,0
2017,43,0,0
2017,44,0,0
2017,45,0,0
2017,46,0,0
2017,47,0,0
2017,48,0,0
2017,49,0,0
2017,50,0,0
2018,10,0,0
2018,11,0,0
2018,12,0,0
2018,13,0,0
2018,14,0,0
2018,15,0,0
2018,16,0,0
2018,17,0.002556,0.0050796527711533
2018,18,0.040404,0.0802966708003434
2018,19,0.229368,0.45583325383955
2018,20,0.503184,1
2018,21,0.216016,0.429298228878502
2018,22,0.008472,0.016836783363541
2018,23,0,0
2018,24,0,0
2018,25,0,0
2018,26,0,0
2018,27,0,0
2018,28,0,0
2018,29,0,0
2018,30,0,0
2018,31,0,0
2018,32,0,0
2018,33,0,0
2018,34,0,0
2018,35,0,0
2018,36,0,0
2018,37,0,0
2018,38,0,0
2018,39,0,0
2018,40,0,0
2018,41,0,0
2018,42,0,0
2018,43,0,0
2018,44,0,0
2018,45,0,0
2018,46,0,0
2018,47,0,0
2018,48,0,0
2018,49,0,0
2018,50,0,0
2019,10,0,0
2019,11,0,0
2019,12,0.007710059,0.0170255564675531
2019,13,0.01291124,0.0285109420934561
2019,14,0.1066183,0.235437353608386
2019,15,0.4528521,1
2019,16,0.4140828,0.914388605021375
2019,17,0.005825444,0.0128638997147192
2019,18,0,0
2019,19,0,0
2019,20,0,0
2019,21,0,0
2019,22,0,0
2019,23,0,0
2019,24,0,0
2019,25,0,0
2019,26,0,0
2019,27,0,0
2019,28,0,0
2019,29,0,0
2019,30,0,0
2019,31,0,0
2019,32,0,0
2019,33,0,0
2019,34,0,0
2019,35,0,0
2019,36,0,0
2019,37,0,0
2019,38,0,0
2019,39,0,0
2019,40,0,0
2019,41,0,0
2019,42,0,0
2019,43,0,0
2019,44,0,0
2019,45,0,0
2019,46,0,0
2019,47,0,0
2019,48,0,0
2019,49,0,0
2019,50,0,0
2022,10,0,0
2022,11,0,0
2022,12,0,0
2022,13,0,0
2022,14,0,0
2022,15,0,0
2022,16,0,0
2022,17,0,0
2022,18,0,0
2022,19,0,0
2022,20,0,0
2022,21,0,0
2022,22,0,0
2022,23,0,0
2022,24,0,0
2022,25,0,0
2022,26,0,0
2022,27,0,0
2022,28,0,0
2022,29,0,0
2022,30,0,0
2022,31,0,0
2022,32,0.003244266,0.0230861453923647
2022,33,0.01911812,0.136044238650183
2022,34,0.05850573,0.416325846606423
2022,35,0.07074083,0.503390624121621
2022,36,0.08864106,0.630768376851134
2022,37,0.06321216,0.44981672782855
2022,38,0.1043876,0.742820505704529
2022,39,0.1208429,0.859916159474897
2022,40,0.1405287,1
2022,41,0.09425803,0.67073864626941
2022,42,0.06757798,0.480883833693758
2022,43,0.05128784,0.364963455863464
2022,44,0.0635195,0.452003754393231
2022,45,0.03103211,0.220824002499134
2022,46,0.0133039,0.094670341360875
2022,47,0.008674312,0.0617262665918065
2022,48,0.001125,0.00800548215417918
2022,49,0,0
2022,50,0,0
